Workbook
Name Slicer_Discount_Category: #N/A
Name Slicer_Price_Category: #N/A
Name Slicer_Rating_Category: #N/A

Sheet Dashboard
A1: Jumia Product Performance Dashboard
A3: Pricing • Discounts • Customer Reviews • Product Performance
A9: TOP 10 PRODUCTS BY REVIEWS | H9: TOP 10 PRODUCTS BY RATING | O9: TOP 10 PRODUCTS BY DISCOUNT
A10: Product | F10: Reviews | H10: Product | M10: Rating | O10: Product | T10: Discount
A11: 120W Cordless Vacuum Cleaners Handheld Electric Vacuum Cleaner | F11: 69 | H11: Classic Black Cat Cotton Hemp Pillow Case For Home Car | M11: 5 | O11: 6 In 1 Bottle Can Opener Multifunctional Easy Opener | T11: 0.64
A12: 137 Pieces Cake Decorating Tool Set Baking Supplies | F12: 55 | H12: LASA Aluminum Folding Truck Hand Cart - 68kg Max | M12: 5 | O12: LASA FOLDING TABLE SERVING STAND | T12: 0.55
A13: Electronic Digital Display Vernier Caliper | F13: 49 | H13: Konka Healty Electric Kettle, 24-hour Heat Preservation,1.5L,800W, White | M13: 5 | O13: 5-PCS Stainless Steel Cooking Pot Set With Steamed Slices | T13: 0.55
A14: 3D Waterproof EVA Plastic Shower Curtain 1.8*2Mtrs | F14: 44 | H14: Anti-Skid Absorbent Insulation Coaster For Home Office | M14: 5 | O14: Creative Owl Shape Keychain Black | T14: 0.55
A15: 100 Pcs Crochet Hook Tool Set Knitting Hook Set With Box | F15: 39 | H15: Peacock Throw Pillow Cushion Case For Home Car | M15: 5 | O15: LASA 3 Tier Bamboo Shoe Bench Storage Shelf | T15: 0.54
A16: Punch-free Great Load Bearing Bathroom Storage Rack Wall Shelf-White | F16: 36 | H16: Bedroom Simple Floor Hanging Clothes Rack Single Pole Hat Rack - White | M16: 5 | O16: Mythco 120COB Solar Wall Ligt With Motion Sensor And Remote Control 3 Modes | T16: 0.54
A17: 53 Pieces/Set Yarn Knitting Crochet Hooks With Bag - Pansies | F17: 32 | H17: DIY File Folder, Office Drawer File Holder, Pen Holder, Desktop Storage Rack | M17: 5 | O17: Classic Black Cat Cotton Hemp Pillow Case For Home Car | T17: 0.53
A18: Portable Mini Cordless Car Vacuum Cleaner - Blue | F18: 24 | H18: LASA FOLDING TABLE SERVING STAND | M18: 4.8 | O18: 3PCS Single Head Knitting Crochet Sweater Needle Set | T18: 0.53
A19: 53Pcs/Set Yarn Knitting Crochet Hooks With Bag - Fortune Cat | F19: 20 | H19: Portable Home Small Air Humidifier 3-Speed Fan - Green | M19: 4.8 | O19: Exfoliate And Exfoliate Face Towel - Black | T19: 0.52
A20: 52 Pieces Cake Decorating Tool Set Gift Kit Baking Supplies | F20: 20 | H20: 40cm Gold DIY Acrylic Wall Sticker Clock | M20: 4.8 | O20: Intelligent LED Body Sensor Wireless Lighting Night Light USB | T20: 0.52

Sheet Raw dataset
A1: Product | B1: Current price | C1: old price | D1: Discount | E1: Review | F1: Ratingd
A2: 115 Piece Set Of Multifunctional Precision Screwdrivers | B2: KSh 950 | C2: KSh 1,525 | D2: 0.38 | E2: -2 | F2: 4.5 out of 5
A3: Metal Decorative Hooks Key Hangers Entryway Wall Hooks Towel Hooks - Home | B3: KSh 527 | C3: KSh 999 | D3: 0.47 | E3: -14 | F3: 4.1 out of 5
A4: Portable Mini Cordless Car Vacuum Cleaner - Blue | B4: KSh 2,199 | C4: KSh 2,923 | D4: 0.25 | E4: -24 | F4: 4.6 out of 5
A5: Weighing Scale Digital Bathroom Body Fat Scale USB-Black | B5: KSh 1,580 | C5: KSh 2,499 | D5: 0.37 | E5: -7 | F5: 4.7 out of 5
A6: Portable Home Small Air Humidifier 3-Speed Fan - Green | B6: KSh 1,740 | C6: KSh 2,356 | D6: 0.26 | E6: -5 | F6: 4.8 out of 5
A7: 220V 60W Electric Soldering Iron Kits With Tools, Tips, And Multimeter | B7: KSh 2,999 | C7: KSh 3,290 | D7: 0.09 | E7: -15 | F7: 4 out of 5
A8: 137 Pieces Cake Decorating Tool Set Baking Supplies | B8: KSh 2,319 | C8: KSh 3,032 | D8: 0.24 | E8: -55 | F8: 4.6 out of 5
A9: Desk Foldable Fan Adjustable Fan Strong Wind 3 Gear Usb | B9: KSh 988 | C9: KSh 1,580 | D9: 0.37 | E9: -2 | F9: 4 out of 5
A10: LASA FOLDING TABLE SERVING STAND | B10: KSh 1,274 | C10: KSh 2,800 | D10: 0.55 | E10: -5 | F10: 4.8 out of 5
A11: 13 In 1 Home Repair Tools Box Kit Set | B11: KSh 1,600 | C11: KSh 2,929 | D11: 0.45 | E11: -5 | F11: 3.8 out of 5
A12: Genebre 115 In 1 Screwdriver Repairing Tool Set For IPhone Cellphone Hand Tool | B12: KSh 799 | C12: KSh 999 | D12: 0.2 | E12: -12 | F12: 4.1 out of 5
A13: 100 Pcs Crochet Hook Tool Set Knitting Hook Set With Box | B13: KSh 990 | C13: KSh 1,500 | D13: 0.34 | E13: -39 | F13: 4.7 out of 5
... A22: 3PCS Single Head Knitting Crochet Sweater Needle Set | B22: KSh 38 | C22: KSh 80 | D22: 0.53 | E22: -13 | F22: 3.3 out of 5
A23: 4pcs Bathroom/Kitchen Towel Rack,Roll Paper Holder,Towel Bars,Hook | B23: KSh 1,860 | C23: KSh 3,220 | D23: 0.42
A24: LED Romantic Spaceship Starry Sky Projector,Children's Bedroom Night Light-Blue | B24: KSh 880 | C24: KSh 1,350 | D24: 0.35 | E24: -6 | F24: 4 out of 5
A25: Foldable Overbed Table/Desk | B25: KSh 1,650 | C25: KSh 2,150 | D25: 0.23 | E25: -14 | F25: 4.4 out of 5
A26: LASA 3 Tier Bamboo Shoe Bench Storage Shelf | B26: KSh 2,048 | C26: KSh 4,500 | D26: 0.54 | E26: -7 | F26: 4.3 out of 5
A27: Electronic Digital Display Vernier Caliper | B27: KSh 420 | C27: KSh 647 | D27: 0.35 | E27: -49 | F27: 4.6 out of 5
A28: Portable Wardrobe Nonwoven With 3 Hanging Rods And 6 Storage Shelves | B28: KSh 2,880 | C28: KSh 3,520 | D28: 0.18 | E28: -12 | F28: 3.8 out of 5
A29: 12 Litre Black Insulated Lunch Box | B29: KSh 1,350 | C29: KSh 1,990 | D29: 0.32 | E29: -13 | F29: 3.8 out of 5
A30: 52 Pieces Cake Decorating Tool Set Gift Kit Baking Supplies | B30: KSh 1,758 | C30: KSh 2,499 | D30: 0.3 | E30: -20 | F30: 4.1 out of 5
A31: MultiFunctional Storage Rack Multi-layer Bookshelf | B31: KSh 2,200 | C31: KSh 4,080 | D31: 0.46
A32: Exfoliate And Exfoliate Face Towel - Black | B32: KSh 185 | C32: KSh 382 | D32: 0.52 | E32: -9 | F32: 4.3 out of 5
A33: 12 Litre Insulated Lunch Box Grey | B33: KSh 980 | C33: KSh 1,490 | D33: 0.34 | E33: -12 | F33: 4.7 out of 5
A34: LED Eye Protection Desk Lamp , Study, Reading, USB Fan - Double Pen Holder | B34: KSh 1,820 | C34: KSh 3,490 | D34: 0.48 | E34: -9 | F34: 4.3 out of 5
A35: 53Pcs/Set Yarn Knitting Crochet Hooks With Bag - Fortune Cat | B35: KSh 1,940 | C35: KSh 2,650 | D35: 0.27 | E35: -20 | F35: 4.7 out of 5
A36: 53 Pieces/Set Yarn Knitting Crochet Hooks With Bag - Pansies | B36: KSh 1,980 | C36: KSh 2,699 | D36: 0.27 | E36: -32 | F36: 4.5 out of 5
A37: DIY File Folder, Office Drawer File Holder, Pen Holder, Desktop Storage Rack | B37: KSh 1,620 | C37: KSh 2,690 | D37: 0.4 | E37: -1 | F37: 5 out of 5
A38: Classic Black Cat Cotton Hemp Pillow Case For Home Car | B38: KSh 171 | C38: KSh 360 | D38: 0.53 | E38: -2 | F38: 5 out of 5
A39: Punch-free Great Load Bearing Bathroom Storage Rack Wall Shelf-White | B39: KSh 389 | C39: KSh 656 | D39: 0.41 | E39: -36 | F39: 4.3 out of 5
A40: 1/2/3 Seater Elastic Sofa Cover,Living Room/Home Decor Chair Cover-Grey | B40: KSh 1,620 - KSh 1,980 | C40: KSh 2,200 - KSh 3,200 | D40: 0.38 | E40: -2 | F40: 4.5 out of 5
A41: LASA Stainless Steel Double Wall Mount Soap Dispenser - 500ml | B41: KSh 2,750 | C41: KSh 4,471 | D41: 0.38
A42: 4M Float Switch Water Level Controller -Water Tank | B42: KSh 475 | C42: KSh 931 | D42: 0.49
A43: Modern Sofa Throw Pillow Cover-45x45cm-Blue&Red | B43: KSh 238 | C43: KSh 476 | D43: 0.5
A44: Balloon Insert, Birthday Party Balloon Set, PU Leather | B44: KSh 610 | C44: KSh 1,060 | D44: 0.42
A45: Balloon Insert, Birthday Party Balloon Set, PU Leather | B45: KSh 610 | C45: KSh 1,060 | D45: 0.42
A46: Shower Cap Wide Elastic Band Cover Reusable Bashroom Cap | B46: KSh 2,132 | C46: KSh 2,169 | D46: 0.02
A47: Christmas Elk Fence Yard Lawn Decorations Cute For Holidays | B47: KSh 999 | C47: KSh 2,000 | D47: 0.5
A48: 60W Hot Melt Glue Sprayer - Efficient And Stable Glue Dispensing | B48: KSh 1,190 | C48: KSh 1,785 | D48: 0.33
A49: Car Phone Charging Stand | B49: KSh 671 | C49: KSh 1,316 | D49: 0.49
A50: 2pcs Solar Street Light Flood Light Outdoor | B50: KSh 1,200 | C50: KSh 1,950 | D50: 0.38
A51: Creative Owl Shape Keychain Black | B51: KSh 199 | C51: KSh 504 | D51: 0.61
A52: Brush & Paintbrush Cleaning Tool Pink | B52: KSh 299 | C52: KSh 600 | D52: 0.5
... A61: Simple Metal Dog Art Sculpture Decoration For Home Office | B61: KSh 399 | C61: KSh 896 | D61: 0.55
A62: 5 Pieces/set Of Stainless Steel Induction Cooker Pots | B62: KSh 2,170 | C62: KSh 2,500 | D62: 0.13 | E62: -6 | F62: 2.5 out of 5
A63: Mythco 120COB Solar Wall Ligt With Motion Sensor And Remote Control 3 Modes | B63: KSh 458 | C63: KSh 986 | D63: 0.54 | E63: -10 | F63: 3 out of 5
A64: 5-PCS Stainless Steel Cooking Pot Set With Steamed Slices | B64: KSh 2,115 | C64: KSh 4,700 | D64: 0.55 | E64: -13 | F64: 2.1 out of 5
A65: 120W Cordless Vacuum Cleaners Handheld Electric Vacuum Cleaner | B65: KSh 445 | C65: KSh 873 | D65: 0.49 | E65: -69 | F65: 2.8 out of 5
A66: Intelligent LED Body Sensor Wireless Lighting Night Light USB | B66: KSh 325 | C66: KSh 680 | D66: 0.52 | E66: -15 | F66: 2.7 out of 5
A67: VIC Wireless Vacuum Cleaner Dual Use For Home And Car 120W High Power Powerful | B67: KSh 1,220 | C67: KSh 1,555 | D67: 0.22 | E67: -16 | F67: 2.9 out of 5
A68: Artificial Potted Flowers Room Decorative Flowers (2 Pieces) | B68: KSh 990 | C68: KSh 1,814 | D68: 0.45 | E68: -6 | F68: 2.2 out of 5
A69: 380ML USB Rechargeable Portable Small Blenders And Juicers | B69: KSh 1,000 | C69: KSh 2,000 | D69: 0.5 | E69: -7 | F69: 2.3 out of 5
A70: 32PCS Portable Cordless Drill Set With Cyclic Battery Drive -26 Variable Speed | B70: KSh 3,750 | C70: KSh 6,143 | D70: 0.39 | E70: -5 | F70: 3 out of 5
A71: Agapeon Toothbrush Holder And Toothpaste Dispenser | B71: KSh 382 | C71: KSh 700 | D71: 0.45 | E71: -17 | F71: 2.6 out of 5
A72: Large Lazy Inflatable Sofa Chairs PVC Lounger Seat Bag | B72: KSh 2,300 | C72: KSh 3,240 | D72: 0.29 | E72: -5 | F72: 3 out of 5
A73: Watercolour Gold Foil Textured Print Pillow Cover | B73: KSh 345 | C73: KSh 602 | D73: 0.43 | E73: -6 | F73: 2.3 out of 5
... A76: Electric LED UV Mosquito Killer Lamp, Outdoor/Indoor Fly Killer Trap Light -USB | B76: KSh 1,570 | C76: KSh 2,988 | D76: 0.47 | E76: -7 | F76: 2.1 out of 5
A77: 2PCS/LOT Solar LED Outdoor Intelligent Light Controlled Wall Lamp | B77: KSh 790 | C77: KSh 1,485 | D77: 0.47
A78: 3PCS Rotary Scraper Thermomix For Kitchen | B78: KSh 690 | C78: KSh 1,200 | D78: 0.43
A79: Cushion Silicone Butt Cushion Summer Ice Cushion Honeycomb Gel Cushion | B79: KSh 1,732 | C79: KSh 1,799 | D79: 0.04
A80: 7PCS Silicone Thumb Knife Finger Protector Vegetable Harvesting Knife | B80: KSh 230 | C80: KSh 450 | D80: 0.49
A81: Memory Foam Neck Pillow Cover, With Pillow Core - 50*30cm | B81: KSh 1,189 | C81: KSh 2,199 | D81: 0.46 | E81: -1 | F81: 3 out of 5
A82: Bedroom Simple Floor Hanging Clothes Rack Single Pole Hat Rack - White | B82: KSh 979 | C82: KSh 1,920 | D82: 0.49 | E82: -1 | F82: 5 out of 5
A83: 5m Waterproof Spherical LED String Lights Outdoor Ball Chain Lights Party Lighting Decoration Adjustable | B83: KSh 1,460 | C83: KSh 2,290 | D83: 0.36
A84: 2 Pairs Cowhide Split Leather Work Gloves.32â„‰ Or Above Welding Gloves | B84: KSh 1,666 | C84: KSh 1,699 | D84: 0.02
A85: Household Pineapple Peeler Peeler | B85: KSh 330 | C85: KSh 647 | D85: 0.49 | E85: -1 | F85: 4 out of 5
A86: Balloon Insert, Birthday Party Balloon Set, PU Leather | B86: KSh 610 | C86: KSh 1,060 | D86: 0.42
A87: Creative Owl Shape Keychain Black | B87: KSh 176 | C87: KSh 345 | D87: 0.49
A88: Office Chair Lumbar Back Support Spine Posture Correction Pillow Car Cushion | B88: KSh 1,466 | C88: KSh 1,699 | D88: 0.14
A89: Cartoon Car Decoration Cute Individuality For Car Home Desk | B89: KSh 274 | C89: KSh 537 | D89: 0.49
A90: Outdoor Portable Water Bottle With Medicine Box - 600ML - Black | B90: KSh 799 | C90: KSh 900 | D90: 0.11
A91: Angle Measuring Tool Full Metal Multi Angle Measuring Tool | B91: KSh 657 | C91: KSh 1,288 | D91: 0.49
A92: Wall-Mounted Toothbrush Toothpaste Holder With Multiple Slots | B92: KSh 1,468 | C92: KSh 1,699 | D92: 0.14
A93: Multifunctional Hanging Storage Box Storage Bag (4 Layers) | B93: KSh 630 | C93: KSh 1,100 | D93: 0.43
A94: Wall Clock With Hidden Safe Box | B94: KSh 850 | C94: KSh 1,700 | D94: 0.5
A95: Portable Wine Table With Folding Round Table | B95: KSh 1,300 | C95: KSh 2,500 | D95: 0.48
A96: Sewing Machine Needle Threader Stitch Insertion Tool Automatic Quick Sewing | B96: KSh 105 | C96: KSh 200 | D96: 0.48
A97: 6 Layers Steel Pipe Assembling Dustproof Storage Shoe Cabinet | B97: KSh 899 | C97: KSh 1,699 | D97: 0.47
... A105: 8in1 Screwdriver With LED Light | B105: KSh 1,080 | C105: KSh 1,874 | D105: 0.42
A106: Konka Healty Electric Kettle, 24-hour Heat Preservation,1.5L,800W, White | B106: KSh 3,640 | C106: KSh 4,588 | D106: 0.21 | E106: -1 | F106: 5 out of 5
A107: 9pcs Gas Mask, For Painting, Dust, Formaldehyde Grinding, Polishing | B107: KSh 1,420 | C107: KSh 2,420 | D107: 0.41
A108: 24 Grid Wall-mounted Sundries Organiser Fabric Closet Bag Storage Rack | B108: KSh 1,875 | C108: KSh 1,899 | D108: 0.01
A109: 1PC Refrigerator Food Seal Pocket Fridge Bags | B109: KSh 198 | C109: KSh 260 | D109: 0.24
A110: LED Solar Street Light-fake Camera | B110: KSh 1,150 | C110: KSh 1,737 | D110: 0.34
A111: Cartoon Embroidered Mini Towel Bear Cotton Wash Cloth Hand 4pcs | B111: KSh 1,190 | C111: KSh 1,810 | D111: 0.34
A112: Shower Nozzle Cleaning Unclogging Needle Mini Crevice Small Hole Cleaning Brush | B112: KSh 1,658 | C112: KSh 1,699 | D112: 0.02
A113: Thickening Multipurpose Non Stick Easy To Clean Heat Resistant Spoon Pad | B113: KSh 1,768 | C113: KSh 1,799 | D113: 0.02
A114: 6 In 1 Bottle Can Opener Multifunctional Easy Opener | B114: KSh 199 | C114: KSh 553 | D114: 0.64
A115: Wall-mounted Sticker Punch-free Plug Fixer | B115: KSh 450 | C115: KSh 900 | D115: 0.5 | E115: -1 | F115: 2 out of 5
A116: Black Simple Water Cup Wine Coaster Anti Slip Absorbent | B116: KSh 169 | C116: KSh 320 | D116: 0.47

Sheet Cleaned data
A1: Product | B1: Current price | C1: Old price | D1: Discount | E1: Review | F1: Rating
A2: 115 Piece Set Of Multifunctional Precision Screwdrivers | B2: 950 | C2: 1525 | D2: 0.38 | E2: 2 | F2: 4.5
A3: Metal Decorative Hooks Key Hangers Entryway Wall Hooks Towel Hooks - Home | B3: 527 | C3: 999 | D3: 0.47 | E3: 14 | F3: 4.1
A4: Portable Mini Cordless Car Vacuum Cleaner - Blue | B4: 2199 | C4: 2923 | D4: 0.25 | E4: 24 | F4: 4.6
A5: Weighing Scale Digital Bathroom Body Fat Scale USB-Black | B5: 1580 | C5: 2499 | D5: 0.37 | E5: 7 | F5: 4.7
A6: Portable Home Small Air Humidifier 3-Speed Fan - Green | B6: 1740 | C6: 2356 | D6: 0.26 | E6: 5 | F6: 4.8
A7: 220V 60W Electric Soldering Iron Kits With Tools, Tips, And Multimeter | B7: 2999 | C7: 3290 | D7: 0.09 | E7: 15 | F7: 4
A8: 137 Pieces Cake Decorating Tool Set Baking Supplies | B8: 2319 | C8: 3032 | D8: 0.24 | E8: 55 | F8: 4.6
A9: Desk Foldable Fan Adjustable Fan Strong Wind 3 Gear Usb | B9: 988 | C9: 1580 | D9: 0.37 | E9: 2 | F9: 4
A10: LASA FOLDING TABLE SERVING STAND | B10: 1274 | C10: 2800 | D10: 0.55 | E10: 5 | F10: 4.8
A11: 13 In 1 Home Repair Tools Box Kit Set | B11: 1600 | C11: 2929 | D11: 0.45 | E11: 5 | F11: 3.8
A12: Genebre 115 In 1 Screwdriver Repairing Tool Set For IPhone Cellphone Hand Tool | B12: 799 | C12: 999 | D12: 0.2 | E12: 12 | F12: 4.1
A13: 100 Pcs Crochet Hook Tool Set Knitting Hook Set With Box | B13: 990 | C13: 1500 | D13: 0.34 | E13: 39 | F13: 4.7
... A22: 3PCS Single Head Knitting Crochet Sweater Needle Set | B22: 38 | C22: 80 | D22: 0.53 | E22: 13 | F22: 3.3
A23: 4pcs Bathroom/Kitchen Towel Rack,Roll Paper Holder,Towel Bars,Hook | B23: 1860 | C23: 3220 | D23: 0.42 | E23: 0
A24: LED Romantic Spaceship Starry Sky Projector,Children's Bedroom Night Light-Blue | B24: 880 | C24: 1350 | D24: 0.35 | E24: 6 | F24: 4
A25: Foldable Overbed Table/Desk | B25: 1650 | C25: 2150 | D25: 0.23 | E25: 14 | F25: 4.4
A26: LASA 3 Tier Bamboo Shoe Bench Storage Shelf | B26: 2048 | C26: 4500 | D26: 0.54 | E26: 7 | F26: 4.3
A27: Electronic Digital Display Vernier Caliper | B27: 420 | C27: 647 | D27: 0.35 | E27: 49 | F27: 4.6
A28: Portable Wardrobe Nonwoven With 3 Hanging Rods And 6 Storage Shelves | B28: 2880 | C28: 3520 | D28: 0.18 | E28: 12 | F28: 3.8
A29: 12 Litre Black Insulated Lunch Box | B29: 1350 | C29: 1990 | D29: 0.32 | E29: 13 | F29: 3.8
A30: 52 Pieces Cake Decorating Tool Set Gift Kit Baking Supplies | B30: 1758 | C30: 2499 | D30: 0.3 | E30: 20 | F30: 4.1
A31: MultiFunctional Storage Rack Multi-layer Bookshelf | B31: 2200 | C31: 4080 | D31: 0.46 | E31: 0
A32: Exfoliate And Exfoliate Face Towel - Black | B32: 185 | C32: 382 | D32: 0.52 | E32: 9 | F32: 4.3
A33: 12 Litre Insulated Lunch Box Grey | B33: 980 | C33: 1490 | D33: 0.34 | E33: 12 | F33: 4.7
A34: LED Eye Protection Desk Lamp , Study, Reading, USB Fan - Double Pen Holder | B34: 1820 | C34: 3490 | D34: 0.48 | E34: 9 | F34: 4.3
A35: 53Pcs/Set Yarn Knitting Crochet Hooks With Bag - Fortune Cat | B35: 1940 | C35: 2650 | D35: 0.27 | E35: 20 | F35: 4.7
A36: 53 Pieces/Set Yarn Knitting Crochet Hooks With Bag - Pansies | B36: 1980 | C36: 2699 | D36: 0.27 | E36: 32 | F36: 4.5
A37: DIY File Folder, Office Drawer File Holder, Pen Holder, Desktop Storage Rack | B37: 1620 | C37: 2690 | D37: 0.4 | E37: 1 | F37: 5
A38: Classic Black Cat Cotton Hemp Pillow Case For Home Car | B38: 171 | C38: 360 | D38: 0.53 | E38: 2 | F38: 5
A39: Punch-free Great Load Bearing Bathroom Storage Rack Wall Shelf-White | B39: 389 | C39: 656 | D39: 0.41 | E39: 36 | F39: 4.3
A40: 1/2/3 Seater Elastic Sofa Cover,Living Room/Home Decor Chair Cover-Grey | B40: 1800 | C40: 2700 | D40: 0.38 | E40: 2 | F40: 4.5
A41: LASA Stainless Steel Double Wall Mount Soap Dispenser - 500ml | B41: 2750 | C41: 4471 | D41: 0.38 | E41: 0
A42: 4M Float Switch Water Level Controller -Water Tank | B42: 475 | C42: 931 | D42: 0.49 | E42: 0
A43: Modern Sofa Throw Pillow Cover-45x45cm-Blue&Red | B43: 238 | C43: 476 | D43: 0.5 | E43: 0
A44: Balloon Insert, Birthday Party Balloon Set, PU Leather | B44: 610 | C44: 1060 | D44: 0.42 | E44: 0
A45: Shower Cap Wide Elastic Band Cover Reusable Bashroom Cap | B45: 2132 | C45: 2169 | D45: 0.02 | E45: 0
A46: Christmas Elk Fence Yard Lawn Decorations Cute For Holidays | B46: 999 | C46: 2000 | D46: 0.5 | E46: 0
A47: 60W Hot Melt Glue Sprayer - Efficient And Stable Glue Dispensing | B47: 1190 | C47: 1785 | D47: 0.33 | E47: 0
A48: Car Phone Charging Stand | B48: 671 | C48: 1316 | D48: 0.49 | E48: 0
A49: 2pcs Solar Street Light Flood Light Outdoor | B49: 1200 | C49: 1950 | D49: 0.38 | E49: 0
A50: Creative Owl Shape Keychain Black | B50: 199 | C50: 504 | D50: 0.61 | E50: 0
A51: Brush & Paintbrush Cleaning Tool Pink | B51: 299 | C51: 600 | D51: 0.5 | E51: 0
A52: Pen Grips For Kids Pen Grip Posture Correction Tool For Kids | B52: 1660 | C52: 1699 | D52: 0.02 | E52: 0
... A60: Simple Metal Dog Art Sculpture Decoration For Home Office | B60: 399 | C60: 896 | D60: 0.55 | E60: 0
A61: 5 Pieces/set Of Stainless Steel Induction Cooker Pots | B61: 2170 | C61: 2500 | D61: 0.13 | E61: 6 | F61: 2.5
A62: Mythco 120COB Solar Wall Ligt With Motion Sensor And Remote Control 3 Modes | B62: 458 | C62: 986 | D62: 0.54 | E62: 10 | F62: 3
A63: 5-PCS Stainless Steel Cooking Pot Set With Steamed Slices | B63: 2115 | C63: 4700 | D63: 0.55 | E63: 13 | F63: 2.1
A64: 120W Cordless Vacuum Cleaners Handheld Electric Vacuum Cleaner | B64: 445 | C64: 873 | D64: 0.49 | E64: 69 | F64: 2.8
A65: Intelligent LED Body Sensor Wireless Lighting Night Light USB | B65: 325 | C65: 680 | D65: 0.52 | E65: 15 | F65: 2.7
A66: VIC Wireless Vacuum Cleaner Dual Use For Home And Car 120W High Power Powerful | B66: 1220 | C66: 1555 | D66: 0.22 | E66: 16 | F66: 2.9
A67: Artificial Potted Flowers Room Decorative Flowers (2 Pieces) | B67: 990 | C67: 1814 | D67: 0.45 | E67: 6 | F67: 2.2
A68: 380ML USB Rechargeable Portable Small Blenders And Juicers | B68: 1000 | C68: 2000 | D68: 0.5 | E68: 7 | F68: 2.3
A69: 32PCS Portable Cordless Drill Set With Cyclic Battery Drive -26 Variable Speed | B69: 3750 | C69: 6143 | D69: 0.39 | E69: 5 | F69: 3
A70: Agapeon Toothbrush Holder And Toothpaste Dispenser | B70: 382 | C70: 700 | D70: 0.45 | E70: 17 | F70: 2.6
A71: Large Lazy Inflatable Sofa Chairs PVC Lounger Seat Bag | B71: 2300 | C71: 3240 | D71: 0.29 | E71: 5 | F71: 3
A72: Watercolour Gold Foil Textured Print Pillow Cover | B72: 345 | C72: 602 | D72: 0.43 | E72: 6 | F72: 2.3
... A75: Electric LED UV Mosquito Killer Lamp, Outdoor/Indoor Fly Killer Trap Light -USB | B75: 1570 | C75: 2988 | D75: 0.47 | E75: 7 | F75: 2.1
A76: 2PCS/LOT Solar LED Outdoor Intelligent Light Controlled Wall Lamp | B76: 790 | C76: 1485 | D76: 0.47 | E76: 0
A77: 3PCS Rotary Scraper Thermomix For Kitchen | B77: 690 | C77: 1200 | D77: 0.43 | E77: 0
A78: Cushion Silicone Butt Cushion Summer Ice Cushion Honeycomb Gel Cushion | B78: 1732 | C78: 1799 | D78: 0.04 | E78: 0
A79: 7PCS Silicone Thumb Knife Finger Protector Vegetable Harvesting Knife | B79: 230 | C79: 450 | D79: 0.49 | E79: 0
A80: Memory Foam Neck Pillow Cover, With Pillow Core - 50*30cm | B80: 1189 | C80: 2199 | D80: 0.46 | E80: 1 | F80: 3
A81: Bedroom Simple Floor Hanging Clothes Rack Single Pole Hat Rack - White | B81: 979 | C81: 1920 | D81: 0.49 | E81: 1 | F81: 5
A82: 5m Waterproof Spherical LED String Lights Outdoor Ball Chain Lights Party Lighting Decoration Adjustable | B82: 1460 | C82: 2290 | D82: 0.36 | E82: 0
A83: 2 Pairs Cowhide Split Leather Work Gloves.32â„‰ Or Above Welding Gloves | B83: 1666 | C83: 1699 | D83: 0.02 | E83: 0
A84: Household Pineapple Peeler Peeler | B84: 330 | C84: 647 | D84: 0.49 | E84: 1 | F84: 4
A85: Creative Owl Shape Keychain Black | B85: 176 | C85: 345 | D85: 0.49 | E85: 0
A86: Office Chair Lumbar Back Support Spine Posture Correction Pillow Car Cushion | B86: 1466 | C86: 1699 | D86: 0.14 | E86: 0
A87: Cartoon Car Decoration Cute Individuality For Car Home Desk | B87: 274 | C87: 537 | D87: 0.49 | E87: 0
A88: Outdoor Portable Water Bottle With Medicine Box - 600ML - Black | B88: 799 | C88: 900 | D88: 0.11 | E88: 0
A89: Angle Measuring Tool Full Metal Multi Angle Measuring Tool | B89: 657 | C89: 1288 | D89: 0.49 | E89: 0
A90: Wall-Mounted Toothbrush Toothpaste Holder With Multiple Slots | B90: 1468 | C90: 1699 | D90: 0.14 | E90: 0
A91: Multifunctional Hanging Storage Box Storage Bag (4 Layers) | B91: 630 | C91: 1100 | D91: 0.43 | E91: 0
A92: Wall Clock With Hidden Safe Box | B92: 850 | C92: 1700 | D92: 0.5 | E92: 0
A93: Portable Wine Table With Folding Round Table | B93: 1300 | C93: 2500 | D93: 0.48 | E93: 0
A94: Sewing Machine Needle Threader Stitch Insertion Tool Automatic Quick Sewing | B94: 105 | C94: 200 | D94: 0.48 | E94: 0
A95: 6 Layers Steel Pipe Assembling Dustproof Storage Shoe Cabinet | B95: 899 | C95: 1699 | D95: 0.47 | E95: 0
A96: 2PCS Ice Silk Square Cushion Cover Pillowcases - 65x65cm | B96: 1200 | C96: 2400 | D96: 0.5 | E96: 0
... A102: 8in1 Screwdriver With LED Light | B102: 1080 | C102: 1874 | D102: 0.42 | E102: 0
A103: Konka Healty Electric Kettle, 24-hour Heat Preservation,1.5L,800W, White | B103: 3640 | C103: 4588 | D103: 0.21 | E103: 1 | F103: 5
A104: 9pcs Gas Mask, For Painting, Dust, Formaldehyde Grinding, Polishing | B104: 1420 | C104: 2420 | D104: 0.41 | E104: 0
A105: 24 Grid Wall-mounted Sundries Organiser Fabric Closet Bag Storage Rack | B105: 1875 | C105: 1899 | D105: 0.01 | E105: 0
A106: 1PC Refrigerator Food Seal Pocket Fridge Bags | B106: 198 | C106: 260 | D106: 0.24 | E106: 0
A107: LED Solar Street Light-fake Camera | B107: 1150 | C107: 1737 | D107: 0.34 | E107: 0
A108: Cartoon Embroidered Mini Towel Bear Cotton Wash Cloth Hand 4pcs | B108: 1190 | C108: 1810 | D108: 0.34 | E108: 0
A109: Shower Nozzle Cleaning Unclogging Needle Mini Crevice Small Hole Cleaning Brush | B109: 1658 | C109: 1699 | D109: 0.02 | E109: 0
A110: Thickening Multipurpose Non Stick Easy To Clean Heat Resistant Spoon Pad | B110: 1768 | C110: 1799 | D110: 0.02 | E110: 0
A111: 6 In 1 Bottle Can Opener Multifunctional Easy Opener | B111: 199 | C111: 553 | D111: 0.64 | E111: 0
A112: Wall-mounted Sticker Punch-free Plug Fixer | B112: 450 | C112: 900 | D112: 0.5 | E112: 1 | F112: 2
A113: Black Simple Water Cup Wine Coaster Anti Slip Absorbent | B113: 169 | C113: 320 | D113: 0.47 | E113: 0

Sheet Cleaning log
A1: Cleaning Issue | B1: Finding in Raw Data | C1: Action Taken | D1: Validation / Final Result
A2: Record count | B2: 115 rows | C2: Used as starting population | D2: 115 raw records
A3: Exact duplicates | B3: 5 duplicate rows across 2 duplicate groups | C3: Removed 3 duplicate rows using Remove Duplicates; retained one original per group | D3: 112 records remain
A4: Missing Review | B4: 58 blanks in raw data; 55 after duplicates removed | C4: Blank Review → 0 because blank represents no reviews | D4: 0 Review blanks
A5: Negative Review | B5: 57 negative review values | C5: Converted negative values to positive counts | D5: 0 negative reviews
A6: Missing Rating | B6: 58 blanks in raw data; 55 after duplicates removed | C6: Blank Rating → remain blank / Not Rated | D6: 55 unrated products
A7: Rating text | B7: Values such as 4.6 out of 5 | C7: Extract numeric portion and convert to number | D7: 57 numeric ratings
A8: Rating validation | B8: Ratings actually range from 2.0 to 5.0 | C8: Validated against original source | D8: Min 2.0, Max 5.0
A9: Current Price | B9: Text with KSh, commas; 1 range | C9: Remove currency/commas; convert to number | D9: 1 range handled using midpoint
A10: Current Price range | B10: KSh 1,620 - KSh 1,980 | C10: (1620 + 1980) / 2 | D10: KSh 1,800
A11: Old Price | B11: Text with KSh, commas; 1 range | C11: Remove currency/commas; convert to number | D11: 1 range handled using midpoint
A12: Old Price range | B12: KSh 2,200 - KSh 3,200 | C12: (2200 + 3200) / 2 | D12: KSh 2,700
... A15: Other formatting issue | B15: Extra spaces in the price-range text | C15: Handled with TRIM() during price cleaning | D15: Clean numeric values
A18: Enrichment field | B18: Rule
A19: Discount Amount | B19: Old Price − Current Price
A20: Rating Category | B20: Poor <3; Average 3–4; Good >4–4.5; Excellent >4.5; blank = Not Rated
A21: Discount Category | B21: Low <20%; Medium 20–40%; High >40%
A22: Price Category | B22: Q1/Q3-based thresholds from Current Price distribution
B24: Min | C24: Q1 | D24: Median | E24: Q3 | F24: Max
B25: =MIN(Enrichment!B2:B113) -> 38 | C25: =_xlfn.QUARTILE.INC(Enrichment!B2:B113,1) -> 493 | D25: =MEDIAN(Enrichment!B2:B113) -> 998.5 | E25: =_xlfn.QUARTILE.INC(Enrichment!B2:B113,3) -> 1669.5 | F25: =MAX(Enrichment!B2:B113) -> 3750
A26: Category | B26: Rule
A27: Low | B27: ≤ KSh 493
A28: Medium | B28: > KSh 493 and ≤ KSh 1,669.50
A29: High | B29: > KSh 1,669.50
A32: Enrichment check | B32: Result
A33: Rating — Poor | B33: 12
A34: Rating — Average | B34: 13
A35: Rating — Good | B35: 13
A36: Rating — Excellent | B36: 19
A37: Rating — Not Rated | B37: 55
A38: Rating categories total | B38: 112
A39: Discount — Low | B39: 18
A40: Discount — Medium | B40: 32
A41: Discount — High | B41: 62
A42: Discount categories total | B42: 112
A43: Price — Low | B43: 28
A44: Price — Medium | B44: 56
... A46: Price categories total | B46: 112
A50: Metric | B50: Result
A51: Average Current Price | B51: KSh 1,186.893
A52: Average Old Price | B52: KSh 1,811.107
A53: Average Discount | B53: 0.37
A54: Average Rating | B54: 3.889474 / 5
A55: Total Products | B55: 112
A56: Total Reviews | B56: 723
A57: Most Expensive | B57: KSh 3,750 — 32PCS Portable Cordless Drill Set With Cyclic Battery Drive -26 Variable Speed
A58: Least Expensive | B58: KSh 38 — 3PCS Single Head Knitting Crochet Sweater Needle Set

Sheet Project Brief
A1: Item | B1: Answer
A2: Business question | B2: How are discounts related to customer ratings and reviews, and how do pricing strategies relate to product performance?
A3: Primary audience | B3: Jumia marketplace managers and sellers
A4: Main decisions | B4: Pricing and promotional strategy
A5: Key relationship 1 | B5: Discount vs Reviews
A6: Key relationship 2 | B6: Discount vs Rating
A7: Key relationship 3 | B7: Price vs Rating
A8: Key performance measures | B8: Rating, Reviews, Discount, Current Price
A11: Raw field | B11: Needs transformation? | C11: Why?
A12: Product | B12: No | C12: Text identifier; needs duplicate checking
A13: Current price | B13: Yes | C13: Text with KSh, commas and one price range
A14: Old price | B14: Yes | C14: Text with KSh, commas and one price range
A15: Discount | B15: To validate | C15: Source describes it as text percentage
A16: Review | B16: Yes | C16: Negative values and blanks
A17: Ratingd | B17: Yes | C17: Text such as 4.5 out of 5, plus blanks

Sheet Descriptive Stats
A1: Product | B1: Current price | C1: Old price | D1: Discount | E1: Review | F1: Rating
A2: 115 Piece Set Of Multifunctional Precision Screwdrivers | B2: 950 | C2: 1525 | D2: 0.38 | E2: 2 | F2: 4.5 | I2: Average Current Price | J2: =AVERAGE(B2:B113) -> 1186.8929
A3: Metal Decorative Hooks Key Hangers Entryway Wall Hooks Towel Hooks - Home | B3: 527 | C3: 999 | D3: 0.47 | E3: 14 | F3: 4.1 | I3: Average Old Price | J3: =AVERAGE(C2:C113) -> 1811.1071
A4: Portable Mini Cordless Car Vacuum Cleaner - Blue | B4: 2199 | C4: 2923 | D4: 0.25 | E4: 24 | F4: 4.6 | I4: Average Discount | J4: =AVERAGE(D2:D113) -> 0.36776786
A5: Weighing Scale Digital Bathroom Body Fat Scale USB-Black | B5: 1580 | C5: 2499 | D5: 0.37 | E5: 7 | F5: 4.7 | I5: Average Rating | J5: =AVERAGE(F2:F113) -> 3.8894737
A6: Portable Home Small Air Humidifier 3-Speed Fan - Green | B6: 1740 | C6: 2356 | D6: 0.26 | E6: 5 | F6: 4.8 | I6: Total Products | J6: =COUNTA(A2:A113) -> 112
A7: 220V 60W Electric Soldering Iron Kits With Tools, Tips, And Multimeter | B7: 2999 | C7: 3290 | D7: 0.09 | E7: 15 | F7: 4 | I7: Total Reviews | J7: =SUM(E2:E113) -> 723
A8: 137 Pieces Cake Decorating Tool Set Baking Supplies | B8: 2319 | C8: 3032 | D8: 0.24 | E8: 55 | F8: 4.6 | I8: Most Expensive Product | J8: =MAX(B2:B113) -> 3750 | K8: =INDEX(A2:A113,MATCH(MAX(B2:B113),B2:B113,0)) -> 32PCS Portable Cordless Drill Set With Cyclic Battery Drive -26 Variable Speed
A9: Desk Foldable Fan Adjustable Fan Strong Wind 3 Gear Usb | B9: 988 | C9: 1580 | D9: 0.37 | E9: 2 | F9: 4 | I9: Least Expensive Product | J9: =MIN(B2:B113) -> 38 | K9: =INDEX(A2:A113,MATCH(MIN(B2:B113),B2:B113,0)) -> 3PCS Single Head Knitting Crochet Sweater Needle Set
A10: LASA FOLDING TABLE SERVING STAND | B10: 1274 | C10: 2800 | D10: 0.55 | E10: 5 | F10: 4.8
A11: 13 In 1 Home Repair Tools Box Kit Set | B11: 1600 | C11: 2929 | D11: 0.45 | E11: 5 | F11: 3.8
A12: Genebre 115 In 1 Screwdriver Repairing Tool Set For IPhone Cellphone Hand Tool | B12: 799 | C12: 999 | D12: 0.2 | E12: 12 | F12: 4.1
A13: 100 Pcs Crochet Hook Tool Set Knitting Hook Set With Box | B13: 990 | C13: 1500 | D13: 0.34 | E13: 39 | F13: 4.7
A14: 40cm Gold DIY Acrylic Wall Sticker Clock | B14: 552 | C14: 1035 | D14: 0.47 | E14: 12 | F14: 4.8
A15: LASA Digital Thermometer And Hydrometer | B15: 501 | C15: 860 | D15: 0.42 | E15: 6 | F15: 4.5
A16: Multifunction Laser Level With Adjustment Tripod | B16: 1680 | C16: 2499 | D16: 0.33 | E16: 9 | F16: 4.2
A17: Anti-Skid Absorbent Insulation Coaster For Home Office | B17: 332 | C17: 684 | D17: 0.51 | E17: 2 | F17: 5
A18: Peacock Throw Pillow Cushion Case For Home Car | B18: 195 | C18: 360 | D18: 0.46 | E18: 2 | F18: 5
A19: LASA Aluminum Folding Truck Hand Cart - 68kg Max | B19: 2025 | C19: 3971 | D19: 0.49 | E19: 3 | F19: 5
A20: LED Wall Digital Alarm Clock Study Home 12 / 24H Clock Calendar | B20: 2999 | C20: 3699 | D20: 0.19 | E20: 5 | F20: 4.6
A21: 3D Waterproof EVA Plastic Shower Curtain 1.8*2Mtrs | B21: 998 | C21: 1966 | D21: 0.49 | E21: 44 | F21: 4.6
A22: 3PCS Single Head Knitting Crochet Sweater Needle Set | B22: 38 | C22: 80 | D22: 0.53 | E22: 13 | F22: 3.3
A23: 4pcs Bathroom/Kitchen Towel Rack,Roll Paper Holder,Towel Bars,Hook | B23: 1860 | C23: 3220 | D23: 0.42 | E23: 0
A24: LED Romantic Spaceship Starry Sky Projector,Children's Bedroom Night Light-Blue | B24: 880 | C24: 1350 | D24: 0.35 | E24: 6 | F24: 4
A25: Foldable Overbed Table/Desk | B25: 1650 | C25: 2150 | D25: 0.23 | E25: 14 | F25: 4.4
A26: LASA 3 Tier Bamboo Shoe Bench Storage Shelf | B26: 2048 | C26: 4500 | D26: 0.54 | E26: 7 | F26: 4.3
A27: Electronic Digital Display Vernier Caliper | B27: 420 | C27: 647 | D27: 0.35 | E27: 49 | F27: 4.6
A28: Portable Wardrobe Nonwoven With 3 Hanging Rods And 6 Storage Shelves | B28: 2880 | C28: 3520 | D28: 0.18 | E28: 12 | F28: 3.8
A29: 12 Litre Black Insulated Lunch Box | B29: 1350 | C29: 1990 | D29: 0.32 | E29: 13 | F29: 3.8
A30: 52 Pieces Cake Decorating Tool Set Gift Kit Baking Supplies | B30: 1758 | C30: 2499 | D30: 0.3 | E30: 20 | F30: 4.1
A31: MultiFunctional Storage Rack Multi-layer Bookshelf | B31: 2200 | C31: 4080 | D31: 0.46 | E31: 0
A32: Exfoliate And Exfoliate Face Towel - Black | B32: 185 | C32: 382 | D32: 0.52 | E32: 9 | F32: 4.3
A33: 12 Litre Insulated Lunch Box Grey | B33: 980 | C33: 1490 | D33: 0.34 | E33: 12 | F33: 4.7
A34: LED Eye Protection Desk Lamp , Study, Reading, USB Fan - Double Pen Holder | B34: 1820 | C34: 3490 | D34: 0.48 | E34: 9 | F34: 4.3
A35: 53Pcs/Set Yarn Knitting Crochet Hooks With Bag - Fortune Cat | B35: 1940 | C35: 2650 | D35: 0.27 | E35: 20 | F35: 4.7
A36: 53 Pieces/Set Yarn Knitting Crochet Hooks With Bag - Pansies | B36: 1980 | C36: 2699 | D36: 0.27 | E36: 32 | F36: 4.5
A37: DIY File Folder, Office Drawer File Holder, Pen Holder, Desktop Storage Rack | B37: 1620 | C37: 2690 | D37: 0.4 | E37: 1 | F37: 5
A38: Classic Black Cat Cotton Hemp Pillow Case For Home Car | B38: 171 | C38: 360 | D38: 0.53 | E38: 2 | F38: 5
A39: Punch-free Great Load Bearing Bathroom Storage Rack Wall Shelf-White | B39: 389 | C39: 656 | D39: 0.41 | E39: 36 | F39: 4.3
A40: 1/2/3 Seater Elastic Sofa Cover,Living Room/Home Decor Chair Cover-Grey | B40: 1800 | C40: 2700 | D40: 0.38 | E40: 2 | F40: 4.5
A41: LASA Stainless Steel Double Wall Mount Soap Dispenser - 500ml | B41: 2750 | C41: 4471 | D41: 0.38 | E41: 0
A42: 4M Float Switch Water Level Controller -Water Tank | B42: 475 | C42: 931 | D42: 0.49 | E42: 0
A43: Modern Sofa Throw Pillow Cover-45x45cm-Blue&Red | B43: 238 | C43: 476 | D43: 0.5 | E43: 0
A44: Balloon Insert, Birthday Party Balloon Set, PU Leather | B44: 610 | C44: 1060 | D44: 0.42 | E44: 0
A45: Shower Cap Wide Elastic Band Cover Reusable Bashroom Cap | B45: 2132 | C45: 2169 | D45: 0.02 | E45: 0
A46: Christmas Elk Fence Yard Lawn Decorations Cute For Holidays | B46: 999 | C46: 2000 | D46: 0.5 | E46: 0
A47: 60W Hot Melt Glue Sprayer - Efficient And Stable Glue Dispensing | B47: 1190 | C47: 1785 | D47: 0.33 | E47: 0
A48: Car Phone Charging Stand | B48: 671 | C48: 1316 | D48: 0.49 | E48: 0
A49: 2pcs Solar Street Light Flood Light Outdoor | B49: 1200 | C49: 1950 | D49: 0.38 | E49: 0
A50: Creative Owl Shape Keychain Black | B50: 199 | C50: 504 | D50: 0.61 | E50: 0
A51: Brush & Paintbrush Cleaning Tool Pink | B51: 299 | C51: 600 | D51: 0.5 | E51: 0
A52: Pen Grips For Kids Pen Grip Posture Correction Tool For Kids | B52: 1660 | C52: 1699 | D52: 0.02 | E52: 0
... A60: Simple Metal Dog Art Sculpture Decoration For Home Office | B60: 399 | C60: 896 | D60: 0.55 | E60: 0
A61: 5 Pieces/set Of Stainless Steel Induction Cooker Pots | B61: 2170 | C61: 2500 | D61: 0.13 | E61: 6 | F61: 2.5
A62: Mythco 120COB Solar Wall Ligt With Motion Sensor And Remote Control 3 Modes | B62: 458 | C62: 986 | D62: 0.54 | E62: 10 | F62: 3
A63: 5-PCS Stainless Steel Cooking Pot Set With Steamed Slices | B63: 2115 | C63: 4700 | D63: 0.55 | E63: 13 | F63: 2.1
A64: 120W Cordless Vacuum Cleaners Handheld Electric Vacuum Cleaner | B64: 445 | C64: 873 | D64: 0.49 | E64: 69 | F64: 2.8
A65: Intelligent LED Body Sensor Wireless Lighting Night Light USB | B65: 325 | C65: 680 | D65: 0.52 | E65: 15 | F65: 2.7
A66: VIC Wireless Vacuum Cleaner Dual Use For Home And Car 120W High Power Powerful | B66: 1220 | C66: 1555 | D66: 0.22 | E66: 16 | F66: 2.9
A67: Artificial Potted Flowers Room Decorative Flowers (2 Pieces) | B67: 990 | C67: 1814 | D67: 0.45 | E67: 6 | F67: 2.2
A68: 380ML USB Rechargeable Portable Small Blenders And Juicers | B68: 1000 | C68: 2000 | D68: 0.5 | E68: 7 | F68: 2.3
A69: 32PCS Portable Cordless Drill Set With Cyclic Battery Drive -26 Variable Speed | B69: 3750 | C69: 6143 | D69: 0.39 | E69: 5 | F69: 3
A70: Agapeon Toothbrush Holder And Toothpaste Dispenser | B70: 382 | C70: 700 | D70: 0.45 | E70: 17 | F70: 2.6
A71: Large Lazy Inflatable Sofa Chairs PVC Lounger Seat Bag | B71: 2300 | C71: 3240 | D71: 0.29 | E71: 5 | F71: 3
A72: Watercolour Gold Foil Textured Print Pillow Cover | B72: 345 | C72: 602 | D72: 0.43 | E72: 6 | F72: 2.3
... A75: Electric LED UV Mosquito Killer Lamp, Outdoor/Indoor Fly Killer Trap Light -USB | B75: 1570 | C75: 2988 | D75: 0.47 | E75: 7 | F75: 2.1
A76: 2PCS/LOT Solar LED Outdoor Intelligent Light Controlled Wall Lamp | B76: 790 | C76: 1485 | D76: 0.47 | E76: 0
A77: 3PCS Rotary Scraper Thermomix For Kitchen | B77: 690 | C77: 1200 | D77: 0.43 | E77: 0
A78: Cushion Silicone Butt Cushion Summer Ice Cushion Honeycomb Gel Cushion | B78: 1732 | C78: 1799 | D78: 0.04 | E78: 0
A79: 7PCS Silicone Thumb Knife Finger Protector Vegetable Harvesting Knife | B79: 230 | C79: 450 | D79: 0.49 | E79: 0
A80: Memory Foam Neck Pillow Cover, With Pillow Core - 50*30cm | B80: 1189 | C80: 2199 | D80: 0.46 | E80: 1 | F80: 3
A81: Bedroom Simple Floor Hanging Clothes Rack Single Pole Hat Rack - White | B81: 979 | C81: 1920 | D81: 0.49 | E81: 1 | F81: 5
A82: 5m Waterproof Spherical LED String Lights Outdoor Ball Chain Lights Party Lighting Decoration Adjustable | B82: 1460 | C82: 2290 | D82: 0.36 | E82: 0
A83: 2 Pairs Cowhide Split Leather Work Gloves.32â„‰ Or Above Welding Gloves | B83: 1666 | C83: 1699 | D83: 0.02 | E83: 0
A84: Household Pineapple Peeler Peeler | B84: 330 | C84: 647 | D84: 0.49 | E84: 1 | F84: 4
A85: Creative Owl Shape Keychain Black | B85: 176 | C85: 345 | D85: 0.49 | E85: 0
A86: Office Chair Lumbar Back Support Spine Posture Correction Pillow Car Cushion | B86: 1466 | C86: 1699 | D86: 0.14 | E86: 0
A87: Cartoon Car Decoration Cute Individuality For Car Home Desk | B87: 274 | C87: 537 | D87: 0.49 | E87: 0
A88: Outdoor Portable Water Bottle With Medicine Box - 600ML - Black | B88: 799 | C88: 900 | D88: 0.11 | E88: 0
A89: Angle Measuring Tool Full Metal Multi Angle Measuring Tool | B89: 657 | C89: 1288 | D89: 0.49 | E89: 0
A90: Wall-Mounted Toothbrush Toothpaste Holder With Multiple Slots | B90: 1468 | C90: 1699 | D90: 0.14 | E90: 0
A91: Multifunctional Hanging Storage Box Storage Bag (4 Layers) | B91: 630 | C91: 1100 | D91: 0.43 | E91: 0
A92: Wall Clock With Hidden Safe Box | B92: 850 | C92: 1700 | D92: 0.5 | E92: 0
A93: Portable Wine Table With Folding Round Table | B93: 1300 | C93: 2500 | D93: 0.48 | E93: 0
A94: Sewing Machine Needle Threader Stitch Insertion Tool Automatic Quick Sewing | B94: 105 | C94: 200 | D94: 0.48 | E94: 0
A95: 6 Layers Steel Pipe Assembling Dustproof Storage Shoe Cabinet | B95: 899 | C95: 1699 | D95: 0.47 | E95: 0
A96: 2PCS Ice Silk Square Cushion Cover Pillowcases - 65x65cm | B96: 1200 | C96: 2400 | D96: 0.5 | E96: 0
... A102: 8in1 Screwdriver With LED Light | B102: 1080 | C102: 1874 | D102: 0.42 | E102: 0
A103: Konka Healty Electric Kettle, 24-hour Heat Preservation,1.5L,800W, White | B103: 3640 | C103: 4588 | D103: 0.21 | E103: 1 | F103: 5
A104: 9pcs Gas Mask, For Painting, Dust, Formaldehyde Grinding, Polishing | B104: 1420 | C104: 2420 | D104: 0.41 | E104: 0
A105: 24 Grid Wall-mounted Sundries Organiser Fabric Closet Bag Storage Rack | B105: 1875 | C105: 1899 | D105: 0.01 | E105: 0
A106: 1PC Refrigerator Food Seal Pocket Fridge Bags | B106: 198 | C106: 260 | D106: 0.24 | E106: 0
A107: LED Solar Street Light-fake Camera | B107: 1150 | C107: 1737 | D107: 0.34 | E107: 0
A108: Cartoon Embroidered Mini Towel Bear Cotton Wash Cloth Hand 4pcs | B108: 1190 | C108: 1810 | D108: 0.34 | E108: 0
A109: Shower Nozzle Cleaning Unclogging Needle Mini Crevice Small Hole Cleaning Brush | B109: 1658 | C109: 1699 | D109: 0.02 | E109: 0
A110: Thickening Multipurpose Non Stick Easy To Clean Heat Resistant Spoon Pad | B110: 1768 | C110: 1799 | D110: 0.02 | E110: 0
A111: 6 In 1 Bottle Can Opener Multifunctional Easy Opener | B111: 199 | C111: 553 | D111: 0.64 | E111: 0
A112: Wall-mounted Sticker Punch-free Plug Fixer | B112: 450 | C112: 900 | D112: 0.5 | E112: 1 | F112: 2
A113: Black Simple Water Cup Wine Coaster Anti Slip Absorbent | B113: 169 | C113: 320 | D113: 0.47 | E113: 0

Sheet Enrichment
A1: Product | B1: Current price | C1: Old price | D1: Discount | E1: Review | F1: Rating | G1: Discount Amount | H1: Rating Category | I1: Discount Category | J1: Price Category | K1: Listing ID
A2: 120W Cordless Vacuum Cleaners Handheld Electric Vacuum Cleaner | B2: 445 | C2: 873 | D2: 0.49 | E2: 69 | F2: 2.8 | G2: =C2-B2 -> 428 | H2: =IF(F2="","Not Rated",IF(F2<3,"Poor",IF(F2<=4,"Average",IF(F2<=4.5,"Good","Excellent")))) -> Poor | I2: =IF(D2<20%,"Low",IF(D2<=40%,"Medium","High")) -> High | J2: =IF(B2<=493,"Low",IF(B2<=1669.5,"Medium","High")) -> Low | K2: =ROW()-1 -> 1
A3: 137 Pieces Cake Decorating Tool Set Baking Supplies | B3: 2319 | C3: 3032 | D3: 0.24 | E3: 55 | F3: 4.6 | G3: =C3-B3 -> 713 | H3: =IF(F3="","Not Rated",IF(F3<3,"Poor",IF(F3<=4,"Average",IF(F3<=4.5,"Good","Excellent")))) -> Excellent | I3: =IF(D3<20%,"Low",IF(D3<=40%,"Medium","High")) -> Medium | J3: =IF(B3<=493,"Low",IF(B3<=1669.5,"Medium","High")) -> High | K3: =ROW()-1 -> 2
A4: Electronic Digital Display Vernier Caliper | B4: 420 | C4: 647 | D4: 0.35 | E4: 49 | F4: 4.6 | G4: =C4-B4 -> 227 | H4: =IF(F4="","Not Rated",IF(F4<3,"Poor",IF(F4<=4,"Average",IF(F4<=4.5,"Good","Excellent")))) -> Excellent | I4: =IF(D4<20%,"Low",IF(D4<=40%,"Medium","High")) -> Medium | J4: =IF(B4<=493,"Low",IF(B4<=1669.5,"Medium","High")) -> Low | K4: =ROW()-1 -> 3
A5: 3D Waterproof EVA Plastic Shower Curtain 1.8*2Mtrs | B5: 998 | C5: 1966 | D5: 0.49 | E5: 44 | F5: 4.6 | G5: =C5-B5 -> 968 | H5: =IF(F5="","Not Rated",IF(F5<3,"Poor",IF(F5<=4,"Average",IF(F5<=4.5,"Good","Excellent")))) -> Excellent | I5: =IF(D5<20%,"Low",IF(D5<=40%,"Medium","High")) -> High | J5: =IF(B5<=493,"Low",IF(B5<=1669.5,"Medium","High")) -> Medium | K5: =ROW()-1 -> 4
A6: 100 Pcs Crochet Hook Tool Set Knitting Hook Set With Box | B6: 990 | C6: 1500 | D6: 0.34 | E6: 39 | F6: 4.7 | G6: =C6-B6 -> 510 | H6: =IF(F6="","Not Rated",IF(F6<3,"Poor",IF(F6<=4,"Average",IF(F6<=4.5,"Good","Excellent")))) -> Excellent | I6: =IF(D6<20%,"Low",IF(D6<=40%,"Medium","High")) -> Medium | J6: =IF(B6<=493,"Low",IF(B6<=1669.5,"Medium","High")) -> Medium | K6: =ROW()-1 -> 5
A7: Punch-free Great Load Bearing Bathroom Storage Rack Wall Shelf-White | B7: 389 | C7: 656 | D7: 0.41 | E7: 36 | F7: 4.3 | G7: =C7-B7 -> 267 | H7: =IF(F7="","Not Rated",IF(F7<3,"Poor",IF(F7<=4,"Average",IF(F7<=4.5,"Good","Excellent")))) -> Good | I7: =IF(D7<20%,"Low",IF(D7<=40%,"Medium","High")) -> High | J7: =IF(B7<=493,"Low",IF(B7<=1669.5,"Medium","High")) -> Low | K7: =ROW()-1 -> 6
A8: 53 Pieces/Set Yarn Knitting Crochet Hooks With Bag - Pansies | B8: 1980 | C8: 2699 | D8: 0.27 | E8: 32 | F8: 4.5 | G8: =C8-B8 -> 719 | H8: =IF(F8="","Not Rated",IF(F8<3,"Poor",IF(F8<=4,"Average",IF(F8<=4.5,"Good","Excellent")))) -> Good | I8: =IF(D8<20%,"Low",IF(D8<=40%,"Medium","High")) -> Medium | J8: =IF(B8<=493,"Low",IF(B8<=1669.5,"Medium","High")) -> High | K8: =ROW()-1 -> 7
A9: Portable Mini Cordless Car Vacuum Cleaner - Blue | B9: 2199 | C9: 2923 | D9: 0.25 | E9: 24 | F9: 4.6 | G9: =C9-B9 -> 724 | H9: =IF(F9="","Not Rated",IF(F9<3,"Poor",IF(F9<=4,"Average",IF(F9<=4.5,"Good","Excellent")))) -> Excellent | I9: =IF(D9<20%,"Low",IF(D9<=40%,"Medium","High")) -> Medium | J9: =IF(B9<=493,"Low",IF(B9<=1669.5,"Medium","High")) -> High | K9: =ROW()-1 -> 8
A10: 52 Pieces Cake Decorating Tool Set Gift Kit Baking Supplies | B10: 1758 | C10: 2499 | D10: 0.3 | E10: 20 | F10: 4.1 | G10: =C10-B10 -> 741 | H10: =IF(F10="","Not Rated",IF(F10<3,"Poor",IF(F10<=4,"Average",IF(F10<=4.5,"Good","Excellent")))) -> Good | I10: =IF(D10<20%,"Low",IF(D10<=40%,"Medium","High")) -> Medium | J10: =IF(B10<=493,"Low",IF(B10<=1669.5,"Medium","High")) -> High | K10: =ROW()-1 -> 9
A11: 53Pcs/Set Yarn Knitting Crochet Hooks With Bag - Fortune Cat | B11: 1940 | C11: 2650 | D11: 0.27 | E11: 20 | F11: 4.7 | G11: =C11-B11 -> 710 | H11: =IF(F11="","Not Rated",IF(F11<3,"Poor",IF(F11<=4,"Average",IF(F11<=4.5,"Good","Excellent")))) -> Excellent | I11: =IF(D11<20%,"Low",IF(D11<=40%,"Medium","High")) -> Medium | J11: =IF(B11<=493,"Low",IF(B11<=1669.5,"Medium","High")) -> High | K11: =ROW()-1 -> 10
A12: Agapeon Toothbrush Holder And Toothpaste Dispenser | B12: 382 | C12: 700 | D12: 0.45 | E12: 17 | F12: 2.6 | G12: =C12-B12 -> 318 | H12: =IF(F12="","Not Rated",IF(F12<3,"Poor",IF(F12<=4,"Average",IF(F12<=4.5,"Good","Excellent")))) -> Poor | I12: =IF(D12<20%,"Low",IF(D12<=40%,"Medium","High")) -> High | J12: =IF(B12<=493,"Low",IF(B12<=1669.5,"Medium","High")) -> Low | K12: =ROW()-1 -> 11
A13: VIC Wireless Vacuum Cleaner Dual Use For Home And Car 120W High Power Powerful | B13: 1220 | C13: 1555 | D13: 0.22 | E13: 16 | F13: 2.9 | G13: =C13-B13 -> 335 | H13: =IF(F13="","Not Rated",IF(F13<3,"Poor",IF(F13<=4,"Average",IF(F13<=4.5,"Good","Excellent")))) -> Poor | I13: =IF(D13<20%,"Low",IF(D13<=40%,"Medium","High")) -> Medium | J13: =IF(B13<=493,"Low",IF(B13<=1669.5,"Medium","High")) -> Medium | K13: =ROW()-1 -> 12
... A58: Wall-mounted Sticker Punch-free Plug Fixer | B58: 450 | C58: 900 | D58: 0.5 | E58: 1 | F58: 2 | G58: =C58-B58 -> 450 | H58: =IF(F58="","Not Rated",IF(F58<3,"Poor",IF(F58<=4,"Average",IF(F58<=4.5,"Good","Excellent")))) -> Poor | I58: =IF(D58<20%,"Low",IF(D58<=40%,"Medium","High")) -> High | J58: =IF(B58<=493,"Low",IF(B58<=1669.5,"Medium","High")) -> Low | K58: =ROW()-1 -> 57
A59: 4pcs Bathroom/Kitchen Towel Rack,Roll Paper Holder,Towel Bars,Hook | B59: 1860 | C59: 3220 | D59: 0.42 | E59: 0 | G59: =C59-B59 -> 1360 | H59: =IF(F59="","Not Rated",IF(F59<3,"Poor",IF(F59<=4,"Average",IF(F59<=4.5,"Good","Excellent")))) -> Not Rated | I59: =IF(D59<20%,"Low",IF(D59<=40%,"Medium","High")) -> High | J59: =IF(B59<=493,"Low",IF(B59<=1669.5,"Medium","High")) -> High | K59: =ROW()-1 -> 58
A60: MultiFunctional Storage Rack Multi-layer Bookshelf | B60: 2200 | C60: 4080 | D60: 0.46 | E60: 0 | G60: =C60-B60 -> 1880 | H60: =IF(F60="","Not Rated",IF(F60<3,"Poor",IF(F60<=4,"Average",IF(F60<=4.5,"Good","Excellent")))) -> Not Rated | I60: =IF(D60<20%,"Low",IF(D60<=40%,"Medium","High")) -> High | J60: =IF(B60<=493,"Low",IF(B60<=1669.5,"Medium","High")) -> High | K60: =ROW()-1 -> 59
A61: LASA Stainless Steel Double Wall Mount Soap Dispenser - 500ml | B61: 2750 | C61: 4471 | D61: 0.38 | E61: 0 | G61: =C61-B61 -> 1721 | H61: =IF(F61="","Not Rated",IF(F61<3,"Poor",IF(F61<=4,"Average",IF(F61<=4.5,"Good","Excellent")))) -> Not Rated | I61: =IF(D61<20%,"Low",IF(D61<=40%,"Medium","High")) -> Medium | J61: =IF(B61<=493,"Low",IF(B61<=1669.5,"Medium","High")) -> High | K61: =ROW()-1 -> 60
A62: 4M Float Switch Water Level Controller -Water Tank | B62: 475 | C62: 931 | D62: 0.49 | E62: 0 | G62: =C62-B62 -> 456 | H62: =IF(F62="","Not Rated",IF(F62<3,"Poor",IF(F62<=4,"Average",IF(F62<=4.5,"Good","Excellent")))) -> Not Rated | I62: =IF(D62<20%,"Low",IF(D62<=40%,"Medium","High")) -> High | J62: =IF(B62<=493,"Low",IF(B62<=1669.5,"Medium","High")) -> Low | K62: =ROW()-1 -> 61
A63: Modern Sofa Throw Pillow Cover-45x45cm-Blue&Red | B63: 238 | C63: 476 | D63: 0.5 | E63: 0 | G63: =C63-B63 -> 238 | H63: =IF(F63="","Not Rated",IF(F63<3,"Poor",IF(F63<=4,"Average",IF(F63<=4.5,"Good","Excellent")))) -> Not Rated | I63: =IF(D63<20%,"Low",IF(D63<=40%,"Medium","High")) -> High | J63: =IF(B63<=493,"Low",IF(B63<=1669.5,"Medium","High")) -> Low | K63: =ROW()-1 -> 62
A64: Balloon Insert, Birthday Party Balloon Set, PU Leather | B64: 610 | C64: 1060 | D64: 0.42 | E64: 0 | G64: =C64-B64 -> 450 | H64: =IF(F64="","Not Rated",IF(F64<3,"Poor",IF(F64<=4,"Average",IF(F64<=4.5,"Good","Excellent")))) -> Not Rated | I64: =IF(D64<20%,"Low",IF(D64<=40%,"Medium","High")) -> High | J64: =IF(B64<=493,"Low",IF(B64<=1669.5,"Medium","High")) -> Medium | K64: =ROW()-1 -> 63
A65: Shower Cap Wide Elastic Band Cover Reusable Bashroom Cap | B65: 2132 | C65: 2169 | D65: 0.02 | E65: 0 | G65: =C65-B65 -> 37 | H65: =IF(F65="","Not Rated",IF(F65<3,"Poor",IF(F65<=4,"Average",IF(F65<=4.5,"Good","Excellent")))) -> Not Rated | I65: =IF(D65<20%,"Low",IF(D65<=40%,"Medium","High")) -> Low | J65: =IF(B65<=493,"Low",IF(B65<=1669.5,"Medium","High")) -> High | K65: =ROW()-1 -> 64
A66: Christmas Elk Fence Yard Lawn Decorations Cute For Holidays | B66: 999 | C66: 2000 | D66: 0.5 | E66: 0 | G66: =C66-B66 -> 1001 | H66: =IF(F66="","Not Rated",IF(F66<3,"Poor",IF(F66<=4,"Average",IF(F66<=4.5,"Good","Excellent")))) -> Not Rated | I66: =IF(D66<20%,"Low",IF(D66<=40%,"Medium","High")) -> High | J66: =IF(B66<=493,"Low",IF(B66<=1669.5,"Medium","High")) -> Medium | K66: =ROW()-1 -> 65
A67: 60W Hot Melt Glue Sprayer - Efficient And Stable Glue Dispensing | B67: 1190 | C67: 1785 | D67: 0.33 | E67: 0 | G67: =C67-B67 -> 595 | H67: =IF(F67="","Not Rated",IF(F67<3,"Poor",IF(F67<=4,"Average",IF(F67<=4.5,"Good","Excellent")))) -> Not Rated | I67: =IF(D67<20%,"Low",IF(D67<=40%,"Medium","High")) -> Medium | J67: =IF(B67<=493,"Low",IF(B67<=1669.5,"Medium","High")) -> Medium | K67: =ROW()-1 -> 66
A68: Car Phone Charging Stand | B68: 671 | C68: 1316 | D68: 0.49 | E68: 0 | G68: =C68-B68 -> 645 | H68: =IF(F68="","Not Rated",IF(F68<3,"Poor",IF(F68<=4,"Average",IF(F68<=4.5,"Good","Excellent")))) -> Not Rated | I68: =IF(D68<20%,"Low",IF(D68<=40%,"Medium","High")) -> High | J68: =IF(B68<=493,"Low",IF(B68<=1669.5,"Medium","High")) -> Medium | K68: =ROW()-1 -> 67
A69: 2pcs Solar Street Light Flood Light Outdoor | B69: 1200 | C69: 1950 | D69: 0.38 | E69: 0 | G69: =C69-B69 -> 750 | H69: =IF(F69="","Not Rated",IF(F69<3,"Poor",IF(F69<=4,"Average",IF(F69<=4.5,"Good","Excellent")))) -> Not Rated | I69: =IF(D69<20%,"Low",IF(D69<=40%,"Medium","High")) -> Medium | J69: =IF(B69<=493,"Low",IF(B69<=1669.5,"Medium","High")) -> Medium | K69: =ROW()-1 -> 68
A70: Creative Owl Shape Keychain Black | B70: 199 | C70: 504 | D70: 0.61 | E70: 0 | G70: =C70-B70 -> 305 | H70: =IF(F70="","Not Rated",IF(F70<3,"Poor",IF(F70<=4,"Average",IF(F70<=4.5,"Good","Excellent")))) -> Not Rated | I70: =IF(D70<20%,"Low",IF(D70<=40%,"Medium","High")) -> High | J70: =IF(B70<=493,"Low",IF(B70<=1669.5,"Medium","High")) -> Low | K70: =ROW()-1 -> 69
... A113: Black Simple Water Cup Wine Coaster Anti Slip Absorbent | B113: 169 | C113: 320 | D113: 0.47 | E113: 0 | G113: =C113-B113 -> 151 | H113: =IF(F113="","Not Rated",IF(F113<3,"Poor",IF(F113<=4,"Average",IF(F113<=4.5,"Good","Excellent")))) -> Not Rated | I113: =IF(D113<20%,"Low",IF(D113<=40%,"Medium","High")) -> High | J113: =IF(B113<=493,"Low",IF(B113<=1669.5,"Medium","High")) -> Low | K113: =ROW()-1 -> 112

Sheet Analysis Working
A1: Product | B1: Current price | C1: Old price | D1: Discount | E1: Review | F1: Rating | G1: Rating_Chart | H1: Review_Chart | I1: Price_Chart | J1: Rating_Chart 2 | M1: Correlation | N1: R2
A2: 120W Cordless Vacuum Cleaners Handheld Electric Vacuum Cleaner | B2: 445 | C2: 873 | D2: 0.49 | E2: 69 | F2: 2.8 | G2: =IF(F2="",NA(),F2) -> 2.8 | H2: =IF(F2="",NA(),E2) -> 69 | I2: =IF(F2="",NA(),B2) -> 445 | J2: =IF(F2="",NA(),F2) -> 2.8 | L2: Discount vs Reviews | M2: =CORREL(D2:D113,E2:E113) -> 0.012188797 | N2: 0.0001 | P2: =_xlfn.QUARTILE.INC(E2:E113,1) -> 0 | Q2: =_xlfn.QUARTILE.INC(E2:E113,3) -> 7 | R2: =MEDIAN(E2:E113) -> 1
A3: 137 Pieces Cake Decorating Tool Set Baking Supplies | B3: 2319 | C3: 3032 | D3: 0.24 | E3: 55 | F3: 4.6 | G3: =IF(F3="",NA(),F3) -> 4.6 | H3: =IF(F3="",NA(),E3) -> 55 | I3: =IF(F3="",NA(),B3) -> 2319 | J3: =IF(F3="",NA(),F3) -> 4.6 | L3: Rating vs Reviews | M3: =CORREL(F2:F113,E2:E113) -> 0.057209035 | N3: 0.0033
A4: Electronic Digital Display Vernier Caliper | B4: 420 | C4: 647 | D4: 0.35 | E4: 49 | F4: 4.6 | G4: =IF(F4="",NA(),F4) -> 4.6 | H4: =IF(F4="",NA(),E4) -> 49 | I4: =IF(F4="",NA(),B4) -> 420 | J4: =IF(F4="",NA(),F4) -> 4.6 | L4: Current Price vs Rating | M4: =CORREL(B2:B113,F2:F113) -> 0.11009021 | N4: 0.0121
A5: 3D Waterproof EVA Plastic Shower Curtain 1.8*2Mtrs | B5: 998 | C5: 1966 | D5: 0.49 | E5: 44 | F5: 4.6 | G5: =IF(F5="",NA(),F5) -> 4.6 | H5: =IF(F5="",NA(),E5) -> 44 | I5: =IF(F5="",NA(),B5) -> 998 | J5: =IF(F5="",NA(),F5) -> 4.6
A6: 100 Pcs Crochet Hook Tool Set Knitting Hook Set With Box | B6: 990 | C6: 1500 | D6: 0.34 | E6: 39 | F6: 4.7 | G6: =IF(F6="",NA(),F6) -> 4.7 | H6: =IF(F6="",NA(),E6) -> 39 | I6: =IF(F6="",NA(),B6) -> 990 | J6: =IF(F6="",NA(),F6) -> 4.7
A7: Punch-free Great Load Bearing Bathroom Storage Rack Wall Shelf-White | B7: 389 | C7: 656 | D7: 0.41 | E7: 36 | F7: 4.3 | G7: =IF(F7="",NA(),F7) -> 4.3 | H7: =IF(F7="",NA(),E7) -> 36 | I7: =IF(F7="",NA(),B7) -> 389 | J7: =IF(F7="",NA(),F7) -> 4.3 | L7: Top 10 by Discount
A8: 53 Pieces/Set Yarn Knitting Crochet Hooks With Bag - Pansies | B8: 1980 | C8: 2699 | D8: 0.27 | E8: 32 | F8: 4.5 | G8: =IF(F8="",NA(),F8) -> 4.5 | H8: =IF(F8="",NA(),E8) -> 32 | I8: =IF(F8="",NA(),B8) -> 1980 | J8: =IF(F8="",NA(),F8) -> 4.5 | L8: Product | M8: Discount
A9: Portable Mini Cordless Car Vacuum Cleaner - Blue | B9: 2199 | C9: 2923 | D9: 0.25 | E9: 24 | F9: 4.6 | G9: =IF(F9="",NA(),F9) -> 4.6 | H9: =IF(F9="",NA(),E9) -> 24 | I9: =IF(F9="",NA(),B9) -> 2199 | J9: =IF(F9="",NA(),F9) -> 4.6 | L9: 6 In 1 Bottle Can Opener Multifunctional Easy Opener | M9: 0.64
A10: 52 Pieces Cake Decorating Tool Set Gift Kit Baking Supplies | B10: 1758 | C10: 2499 | D10: 0.3 | E10: 20 | F10: 4.1 | G10: =IF(F10="",NA(),F10) -> 4.1 | H10: =IF(F10="",NA(),E10) -> 20 | I10: =IF(F10="",NA(),B10) -> 1758 | J10: =IF(F10="",NA(),F10) -> 4.1 | L10: Creative Owl Shape Keychain Black | M10: 0.61
A11: 53Pcs/Set Yarn Knitting Crochet Hooks With Bag - Fortune Cat | B11: 1940 | C11: 2650 | D11: 0.27 | E11: 20 | F11: 4.7 | G11: =IF(F11="",NA(),F11) -> 4.7 | H11: =IF(F11="",NA(),E11) -> 20 | I11: =IF(F11="",NA(),B11) -> 1940 | J11: =IF(F11="",NA(),F11) -> 4.7 | L11: LASA FOLDING TABLE SERVING STAND | M11: 0.55
A12: Agapeon Toothbrush Holder And Toothpaste Dispenser | B12: 382 | C12: 700 | D12: 0.45 | E12: 17 | F12: 2.6 | G12: =IF(F12="",NA(),F12) -> 2.6 | H12: =IF(F12="",NA(),E12) -> 17 | I12: =IF(F12="",NA(),B12) -> 382 | J12: =IF(F12="",NA(),F12) -> 2.6 | L12: Simple Metal Dog Art Sculpture Decoration For Home Office | M12: 0.55
A13: VIC Wireless Vacuum Cleaner Dual Use For Home And Car 120W High Power Powerful | B13: 1220 | C13: 1555 | D13: 0.22 | E13: 16 | F13: 2.9 | G13: =IF(F13="",NA(),F13) -> 2.9 | H13: =IF(F13="",NA(),E13) -> 16 | I13: =IF(F13="",NA(),B13) -> 1220 | J13: =IF(F13="",NA(),F13) -> 2.9 | L13: 5-PCS Stainless Steel Cooking Pot Set With Steamed Slices | M13: 0.55
A14: Intelligent LED Body Sensor Wireless Lighting Night Light USB | B14: 325 | C14: 680 | D14: 0.52 | E14: 15 | F14: 2.7 | G14: =IF(F14="",NA(),F14) -> 2.7 | H14: =IF(F14="",NA(),E14) -> 15 | I14: =IF(F14="",NA(),B14) -> 325 | J14: =IF(F14="",NA(),F14) -> 2.7 | L14: LASA 3 Tier Bamboo Shoe Bench Storage Shelf | M14: 0.54
A15: 220V 60W Electric Soldering Iron Kits With Tools, Tips, And Multimeter | B15: 2999 | C15: 3290 | D15: 0.09 | E15: 15 | F15: 4 | G15: =IF(F15="",NA(),F15) -> 4 | H15: =IF(F15="",NA(),E15) -> 15 | I15: =IF(F15="",NA(),B15) -> 2999 | J15: =IF(F15="",NA(),F15) -> 4 | L15: Mythco 120COB Solar Wall Ligt With Motion Sensor And Remote Control 3 Modes | M15: 0.54
A16: Metal Decorative Hooks Key Hangers Entryway Wall Hooks Towel Hooks - Home | B16: 527 | C16: 999 | D16: 0.47 | E16: 14 | F16: 4.1 | G16: =IF(F16="",NA(),F16) -> 4.1 | H16: =IF(F16="",NA(),E16) -> 14 | I16: =IF(F16="",NA(),B16) -> 527 | J16: =IF(F16="",NA(),F16) -> 4.1 | L16: 3PCS Single Head Knitting Crochet Sweater Needle Set | M16: 0.53
A17: Foldable Overbed Table/Desk | B17: 1650 | C17: 2150 | D17: 0.23 | E17: 14 | F17: 4.4 | G17: =IF(F17="",NA(),F17) -> 4.4 | H17: =IF(F17="",NA(),E17) -> 14 | I17: =IF(F17="",NA(),B17) -> 1650 | J17: =IF(F17="",NA(),F17) -> 4.4 | L17: Classic Black Cat Cotton Hemp Pillow Case For Home Car | M17: 0.53
A18: 5-PCS Stainless Steel Cooking Pot Set With Steamed Slices | B18: 2115 | C18: 4700 | D18: 0.55 | E18: 13 | F18: 2.1 | G18: =IF(F18="",NA(),F18) -> 2.1 | H18: =IF(F18="",NA(),E18) -> 13 | I18: =IF(F18="",NA(),B18) -> 2115 | J18: =IF(F18="",NA(),F18) -> 2.1 | L18: Exfoliate And Exfoliate Face Towel - Black | M18: 0.52
A19: 3PCS Single Head Knitting Crochet Sweater Needle Set | B19: 38 | C19: 80 | D19: 0.53 | E19: 13 | F19: 3.3 | G19: =IF(F19="",NA(),F19) -> 3.3 | H19: =IF(F19="",NA(),E19) -> 13 | I19: =IF(F19="",NA(),B19) -> 38 | J19: =IF(F19="",NA(),F19) -> 3.3
A20: 12 Litre Black Insulated Lunch Box | B20: 1350 | C20: 1990 | D20: 0.32 | E20: 13 | F20: 3.8 | G20: =IF(F20="",NA(),F20) -> 3.8 | H20: =IF(F20="",NA(),E20) -> 13 | I20: =IF(F20="",NA(),B20) -> 1350 | J20: =IF(F20="",NA(),F20) -> 3.8 | L20: Top 10 by Reviews
A21: 40cm Gold DIY Acrylic Wall Sticker Clock | B21: 552 | C21: 1035 | D21: 0.47 | E21: 12 | F21: 4.8 | G21: =IF(F21="",NA(),F21) -> 4.8 | H21: =IF(F21="",NA(),E21) -> 12 | I21: =IF(F21="",NA(),B21) -> 552 | J21: =IF(F21="",NA(),F21) -> 4.8 | L21: Product | M21: Review
A22: 12 Litre Insulated Lunch Box Grey | B22: 980 | C22: 1490 | D22: 0.34 | E22: 12 | F22: 4.7 | G22: =IF(F22="",NA(),F22) -> 4.7 | H22: =IF(F22="",NA(),E22) -> 12 | I22: =IF(F22="",NA(),B22) -> 980 | J22: =IF(F22="",NA(),F22) -> 4.7 | L22: 120W Cordless Vacuum Cleaners Handheld Electric Vacuum Cleaner | M22: 69
A23: Genebre 115 In 1 Screwdriver Repairing Tool Set For IPhone Cellphone Hand Tool | B23: 799 | C23: 999 | D23: 0.2 | E23: 12 | F23: 4.1 | G23: =IF(F23="",NA(),F23) -> 4.1 | H23: =IF(F23="",NA(),E23) -> 12 | I23: =IF(F23="",NA(),B23) -> 799 | J23: =IF(F23="",NA(),F23) -> 4.1 | L23: 137 Pieces Cake Decorating Tool Set Baking Supplies | M23: 55
A24: Portable Wardrobe Nonwoven With 3 Hanging Rods And 6 Storage Shelves | B24: 2880 | C24: 3520 | D24: 0.18 | E24: 12 | F24: 3.8 | G24: =IF(F24="",NA(),F24) -> 3.8 | H24: =IF(F24="",NA(),E24) -> 12 | I24: =IF(F24="",NA(),B24) -> 2880 | J24: =IF(F24="",NA(),F24) -> 3.8 | L24: Electronic Digital Display Vernier Caliper | M24: 49
A25: Mythco 120COB Solar Wall Ligt With Motion Sensor And Remote Control 3 Modes | B25: 458 | C25: 986 | D25: 0.54 | E25: 10 | F25: 3 | G25: =IF(F25="",NA(),F25) -> 3 | H25: =IF(F25="",NA(),E25) -> 10 | I25: =IF(F25="",NA(),B25) -> 458 | J25: =IF(F25="",NA(),F25) -> 3 | L25: 3D Waterproof EVA Plastic Shower Curtain 1.8*2Mtrs | M25: 44
A26: Exfoliate And Exfoliate Face Towel - Black | B26: 185 | C26: 382 | D26: 0.52 | E26: 9 | F26: 4.3 | G26: =IF(F26="",NA(),F26) -> 4.3 | H26: =IF(F26="",NA(),E26) -> 9 | I26: =IF(F26="",NA(),B26) -> 185 | J26: =IF(F26="",NA(),F26) -> 4.3 | L26: 100 Pcs Crochet Hook Tool Set Knitting Hook Set With Box | M26: 39
A27: LED Eye Protection Desk Lamp , Study, Reading, USB Fan - Double Pen Holder | B27: 1820 | C27: 3490 | D27: 0.48 | E27: 9 | F27: 4.3 | G27: =IF(F27="",NA(),F27) -> 4.3 | H27: =IF(F27="",NA(),E27) -> 9 | I27: =IF(F27="",NA(),B27) -> 1820 | J27: =IF(F27="",NA(),F27) -> 4.3 | L27: Punch-free Great Load Bearing Bathroom Storage Rack Wall Shelf-White | M27: 36
A28: Multifunction Laser Level With Adjustment Tripod | B28: 1680 | C28: 2499 | D28: 0.33 | E28: 9 | F28: 4.2 | G28: =IF(F28="",NA(),F28) -> 4.2 | H28: =IF(F28="",NA(),E28) -> 9 | I28: =IF(F28="",NA(),B28) -> 1680 | J28: =IF(F28="",NA(),F28) -> 4.2 | L28: 53 Pieces/Set Yarn Knitting Crochet Hooks With Bag - Pansies | M28: 32
A29: LASA 3 Tier Bamboo Shoe Bench Storage Shelf | B29: 2048 | C29: 4500 | D29: 0.54 | E29: 7 | F29: 4.3 | G29: =IF(F29="",NA(),F29) -> 4.3 | H29: =IF(F29="",NA(),E29) -> 7 | I29: =IF(F29="",NA(),B29) -> 2048 | J29: =IF(F29="",NA(),F29) -> 4.3 | L29: Portable Mini Cordless Car Vacuum Cleaner - Blue | M29: 24
A30: 380ML USB Rechargeable Portable Small Blenders And Juicers | B30: 1000 | C30: 2000 | D30: 0.5 | E30: 7 | F30: 2.3 | G30: =IF(F30="",NA(),F30) -> 2.3 | H30: =IF(F30="",NA(),E30) -> 7 | I30: =IF(F30="",NA(),B30) -> 1000 | J30: =IF(F30="",NA(),F30) -> 2.3 | L30: 52 Pieces Cake Decorating Tool Set Gift Kit Baking Supplies | M30: 20
A31: Electric LED UV Mosquito Killer Lamp, Outdoor/Indoor Fly Killer Trap Light -USB | B31: 1570 | C31: 2988 | D31: 0.47 | E31: 7 | F31: 2.1 | G31: =IF(F31="",NA(),F31) -> 2.1 | H31: =IF(F31="",NA(),E31) -> 7 | I31: =IF(F31="",NA(),B31) -> 1570 | J31: =IF(F31="",NA(),F31) -> 2.1 | L31: 53Pcs/Set Yarn Knitting Crochet Hooks With Bag - Fortune Cat | M31: 20
A32: Weighing Scale Digital Bathroom Body Fat Scale USB-Black | B32: 1580 | C32: 2499 | D32: 0.37 | E32: 7 | F32: 4.7 | G32: =IF(F32="",NA(),F32) -> 4.7 | H32: =IF(F32="",NA(),E32) -> 7 | I32: =IF(F32="",NA(),B32) -> 1580 | J32: =IF(F32="",NA(),F32) -> 4.7
A33: 7-piece Set Of Storage Bags, Travel Storage Bags, Shoe Bags | B33: 968 | C33: 1814 | D33: 0.47 | E33: 6 | F33: 2.2 | G33: =IF(F33="",NA(),F33) -> 2.2 | H33: =IF(F33="",NA(),E33) -> 6 | I33: =IF(F33="",NA(),B33) -> 968 | J33: =IF(F33="",NA(),F33) -> 2.2 | L33: Top 10 by Rating
A34: Artificial Potted Flowers Room Decorative Flowers (2 Pieces) | B34: 990 | C34: 1814 | D34: 0.45 | E34: 6 | F34: 2.2 | G34: =IF(F34="",NA(),F34) -> 2.2 | H34: =IF(F34="",NA(),E34) -> 6 | I34: =IF(F34="",NA(),B34) -> 990 | J34: =IF(F34="",NA(),F34) -> 2.2 | L34: Product | N34: Rating
A35: Watercolour Gold Foil Textured Print Pillow Cover | B35: 345 | C35: 602 | D35: 0.43 | E35: 6 | F35: 2.3 | G35: =IF(F35="",NA(),F35) -> 2.3 | H35: =IF(F35="",NA(),E35) -> 6 | I35: =IF(F35="",NA(),B35) -> 345 | J35: =IF(F35="",NA(),F35) -> 2.3 | L35: LASA Aluminum Folding Truck Hand Cart - 68kg Max | N35: 5
A36: LASA Digital Thermometer And Hydrometer | B36: 501 | C36: 860 | D36: 0.42 | E36: 6 | F36: 4.5 | G36: =IF(F36="",NA(),F36) -> 4.5 | H36: =IF(F36="",NA(),E36) -> 6 | I36: =IF(F36="",NA(),B36) -> 501 | J36: =IF(F36="",NA(),F36) -> 4.5 | L36: Classic Black Cat Cotton Hemp Pillow Case For Home Car | N36: 5
A37: LED Romantic Spaceship Starry Sky Projector,Children's Bedroom Night Light-Blue | B37: 880 | C37: 1350 | D37: 0.35 | E37: 6 | F37: 4 | G37: =IF(F37="",NA(),F37) -> 4 | H37: =IF(F37="",NA(),E37) -> 6 | I37: =IF(F37="",NA(),B37) -> 880 | J37: =IF(F37="",NA(),F37) -> 4 | L37: Anti-Skid Absorbent Insulation Coaster For Home Office | N37: 5
A38: 5 Pieces/set Of Stainless Steel Induction Cooker Pots | B38: 2170 | C38: 2500 | D38: 0.13 | E38: 6 | F38: 2.5 | G38: =IF(F38="",NA(),F38) -> 2.5 | H38: =IF(F38="",NA(),E38) -> 6 | I38: =IF(F38="",NA(),B38) -> 2170 | J38: =IF(F38="",NA(),F38) -> 2.5 | L38: Peacock Throw Pillow Cushion Case For Home Car | N38: 5
A39: LASA FOLDING TABLE SERVING STAND | B39: 1274 | C39: 2800 | D39: 0.55 | E39: 5 | F39: 4.8 | G39: =IF(F39="",NA(),F39) -> 4.8 | H39: =IF(F39="",NA(),E39) -> 5 | I39: =IF(F39="",NA(),B39) -> 1274 | J39: =IF(F39="",NA(),F39) -> 4.8 | L39: Bedroom Simple Floor Hanging Clothes Rack Single Pole Hat Rack - White | N39: 5
A40: 13 In 1 Home Repair Tools Box Kit Set | B40: 1600 | C40: 2929 | D40: 0.45 | E40: 5 | F40: 3.8 | G40: =IF(F40="",NA(),F40) -> 3.8 | H40: =IF(F40="",NA(),E40) -> 5 | I40: =IF(F40="",NA(),B40) -> 1600 | J40: =IF(F40="",NA(),F40) -> 3.8 | L40: DIY File Folder, Office Drawer File Holder, Pen Holder, Desktop Storage Rack | N40: 5
A41: Wrought Iron Bathroom Shelf Wall Mounted Free Punch Toilet Rack | B41: 509 | C41: 899 | D41: 0.43 | E41: 5 | F41: 3 | G41: =IF(F41="",NA(),F41) -> 3 | H41: =IF(F41="",NA(),E41) -> 5 | I41: =IF(F41="",NA(),B41) -> 509 | J41: =IF(F41="",NA(),F41) -> 3 | L41: Konka Healty Electric Kettle, 24-hour Heat Preservation,1.5L,800W, White | N41: 5
A42: 32PCS Portable Cordless Drill Set With Cyclic Battery Drive -26 Variable Speed | B42: 3750 | C42: 6143 | D42: 0.39 | E42: 5 | F42: 3 | G42: =IF(F42="",NA(),F42) -> 3 | H42: =IF(F42="",NA(),E42) -> 5 | I42: =IF(F42="",NA(),B42) -> 3750 | J42: =IF(F42="",NA(),F42) -> 3 | L42: 40cm Gold DIY Acrylic Wall Sticker Clock | N42: 4.8
A43: Large Lazy Inflatable Sofa Chairs PVC Lounger Seat Bag | B43: 2300 | C43: 3240 | D43: 0.29 | E43: 5 | F43: 3 | G43: =IF(F43="",NA(),F43) -> 3 | H43: =IF(F43="",NA(),E43) -> 5 | I43: =IF(F43="",NA(),B43) -> 2300 | J43: =IF(F43="",NA(),F43) -> 3 | L43: LASA FOLDING TABLE SERVING STAND | N43: 4.8
A44: Portable Home Small Air Humidifier 3-Speed Fan - Green | B44: 1740 | C44: 2356 | D44: 0.26 | E44: 5 | F44: 4.8 | G44: =IF(F44="",NA(),F44) -> 4.8 | H44: =IF(F44="",NA(),E44) -> 5 | I44: =IF(F44="",NA(),B44) -> 1740 | J44: =IF(F44="",NA(),F44) -> 4.8 | L44: Portable Home Small Air Humidifier 3-Speed Fan - Green | N44: 4.8
A45: LED Wall Digital Alarm Clock Study Home 12 / 24H Clock Calendar | B45: 2999 | C45: 3699 | D45: 0.19 | E45: 5 | F45: 4.6 | G45: =IF(F45="",NA(),F45) -> 4.6 | H45: =IF(F45="",NA(),E45) -> 5 | I45: =IF(F45="",NA(),B45) -> 2999 | J45: =IF(F45="",NA(),F45) -> 4.6
A46: LASA Aluminum Folding Truck Hand Cart - 68kg Max | B46: 2025 | C46: 3971 | D46: 0.49 | E46: 3 | F46: 5 | G46: =IF(F46="",NA(),F46) -> 5 | H46: =IF(F46="",NA(),E46) -> 3 | I46: =IF(F46="",NA(),B46) -> 2025 | J46: =IF(F46="",NA(),F46) -> 5 | L46: Five Lowest-Rated Products
A47: Classic Black Cat Cotton Hemp Pillow Case For Home Car | B47: 171 | C47: 360 | D47: 0.53 | E47: 2 | F47: 5 | G47: =IF(F47="",NA(),F47) -> 5 | H47: =IF(F47="",NA(),E47) -> 2 | I47: =IF(F47="",NA(),B47) -> 171 | J47: =IF(F47="",NA(),F47) -> 5 | L47: Product | M47: Rating
A48: Anti-Skid Absorbent Insulation Coaster For Home Office | B48: 332 | C48: 684 | D48: 0.51 | E48: 2 | F48: 5 | G48: =IF(F48="",NA(),F48) -> 5 | H48: =IF(F48="",NA(),E48) -> 2 | I48: =IF(F48="",NA(),B48) -> 332 | J48: =IF(F48="",NA(),F48) -> 5 | L48: Wall-mounted Sticker Punch-free Plug Fixer | M48: 2
A49: Peacock Throw Pillow Cushion Case For Home Car | B49: 195 | C49: 360 | D49: 0.46 | E49: 2 | F49: 5 | G49: =IF(F49="",NA(),F49) -> 5 | H49: =IF(F49="",NA(),E49) -> 2 | I49: =IF(F49="",NA(),B49) -> 195 | J49: =IF(F49="",NA(),F49) -> 5 | L49: 5-PCS Stainless Steel Cooking Pot Set With Steamed Slices | M49: 2.1
A50: 115 Piece Set Of Multifunctional Precision Screwdrivers | B50: 950 | C50: 1525 | D50: 0.38 | E50: 2 | F50: 4.5 | G50: =IF(F50="",NA(),F50) -> 4.5 | H50: =IF(F50="",NA(),E50) -> 2 | I50: =IF(F50="",NA(),B50) -> 950 | J50: =IF(F50="",NA(),F50) -> 4.5 | L50: Electric LED UV Mosquito Killer Lamp, Outdoor/Indoor Fly Killer Trap Light -USB | M50: 2.1
A51: 1/2/3 Seater Elastic Sofa Cover,Living Room/Home Decor Chair Cover-Grey | B51: 1800 | C51: 2700 | D51: 0.38 | E51: 2 | F51: 4.5 | G51: =IF(F51="",NA(),F51) -> 4.5 | H51: =IF(F51="",NA(),E51) -> 2 | I51: =IF(F51="",NA(),B51) -> 1800 | J51: =IF(F51="",NA(),F51) -> 4.5 | L51: 7-piece Set Of Storage Bags, Travel Storage Bags, Shoe Bags | M51: 2.2
A52: Desk Foldable Fan Adjustable Fan Strong Wind 3 Gear Usb | B52: 988 | C52: 1580 | D52: 0.37 | E52: 2 | F52: 4 | G52: =IF(F52="",NA(),F52) -> 4 | H52: =IF(F52="",NA(),E52) -> 2 | I52: =IF(F52="",NA(),B52) -> 988 | J52: =IF(F52="",NA(),F52) -> 4 | L52: Artificial Potted Flowers Room Decorative Flowers (2 Pieces) | M52: 2.2
A53: Wall-mounted Sticker Punch-free Plug Fixer | B53: 450 | C53: 900 | D53: 0.5 | E53: 1 | F53: 2 | G53: =IF(F53="",NA(),F53) -> 2 | H53: =IF(F53="",NA(),E53) -> 1 | I53: =IF(F53="",NA(),B53) -> 450 | J53: =IF(F53="",NA(),F53) -> 2
A54: Household Pineapple Peeler Peeler | B54: 330 | C54: 647 | D54: 0.49 | E54: 1 | F54: 4 | G54: =IF(F54="",NA(),F54) -> 4 | H54: =IF(F54="",NA(),E54) -> 1 | I54: =IF(F54="",NA(),B54) -> 330 | J54: =IF(F54="",NA(),F54) -> 4 | L54: High Discount + Poor Rating
A55: Bedroom Simple Floor Hanging Clothes Rack Single Pole Hat Rack - White | B55: 979 | C55: 1920 | D55: 0.49 | E55: 1 | F55: 5 | G55: =IF(F55="",NA(),F55) -> 5 | H55: =IF(F55="",NA(),E55) -> 1 | I55: =IF(F55="",NA(),B55) -> 979 | J55: =IF(F55="",NA(),F55) -> 5 | L55: Product | M55: Discount | N55: Rating | O55: Rating Category | P55: Discount Category
A56: Memory Foam Neck Pillow Cover, With Pillow Core - 50*30cm | B56: 1189 | C56: 2199 | D56: 0.46 | E56: 1 | F56: 3 | G56: =IF(F56="",NA(),F56) -> 3 | H56: =IF(F56="",NA(),E56) -> 1 | I56: =IF(F56="",NA(),B56) -> 1189 | J56: =IF(F56="",NA(),F56) -> 3 | L56: 120W Cordless Vacuum Cleaners Handheld Electric Vacuum Cleaner | M56: 0.49 | N56: 2.8 | O56: Poor | P56: High
A57: DIY File Folder, Office Drawer File Holder, Pen Holder, Desktop Storage Rack | B57: 1620 | C57: 2690 | D57: 0.4 | E57: 1 | F57: 5 | G57: =IF(F57="",NA(),F57) -> 5 | H57: =IF(F57="",NA(),E57) -> 1 | I57: =IF(F57="",NA(),B57) -> 1620 | J57: =IF(F57="",NA(),F57) -> 5 | L57: Agapeon Toothbrush Holder And Toothpaste Dispenser | M57: 0.45 | N57: 2.6 | O57: Poor | P57: High
A58: Konka Healty Electric Kettle, 24-hour Heat Preservation,1.5L,800W, White | B58: 3640 | C58: 4588 | D58: 0.21 | E58: 1 | F58: 5 | G58: =IF(F58="",NA(),F58) -> 5 | H58: =IF(F58="",NA(),E58) -> 1 | I58: =IF(F58="",NA(),B58) -> 3640 | J58: =IF(F58="",NA(),F58) -> 5 | L58: Intelligent LED Body Sensor Wireless Lighting Night Light USB | M58: 0.52 | N58: 2.7 | O58: Poor | P58: High
A59: 6 In 1 Bottle Can Opener Multifunctional Easy Opener | B59: 199 | C59: 553 | D59: 0.64 | E59: 0 | G59: =IF(F59="",NA(),F59) -> #N/A | H59: =IF(F59="",NA(),E59) -> #N/A | I59: =IF(F59="",NA(),B59) -> #N/A | J59: =IF(F59="",NA(),F59) -> #N/A | L59: 5-PCS Stainless Steel Cooking Pot Set With Steamed Slices | M59: 0.55 | N59: 2.1 | O59: Poor | P59: High
A60: Creative Owl Shape Keychain Black | B60: 199 | C60: 504 | D60: 0.61 | E60: 0 | G60: =IF(F60="",NA(),F60) -> #N/A | H60: =IF(F60="",NA(),E60) -> #N/A | I60: =IF(F60="",NA(),B60) -> #N/A | J60: =IF(F60="",NA(),F60) -> #N/A | L60: 380ML USB Rechargeable Portable Small Blenders And Juicers | M60: 0.5 | N60: 2.3 | O60: Poor | P60: High
A61: Simple Metal Dog Art Sculpture Decoration For Home Office | B61: 399 | C61: 896 | D61: 0.55 | E61: 0 | G61: =IF(F61="",NA(),F61) -> #N/A | H61: =IF(F61="",NA(),E61) -> #N/A | I61: =IF(F61="",NA(),B61) -> #N/A | J61: =IF(F61="",NA(),F61) -> #N/A | L61: Electric LED UV Mosquito Killer Lamp, Outdoor/Indoor Fly Killer Trap Light -USB | M61: 0.47 | N61: 2.1 | O61: Poor | P61: High
A62: Modern Sofa Throw Pillow Cover-45x45cm-Blue&Red | B62: 238 | C62: 476 | D62: 0.5 | E62: 0 | G62: =IF(F62="",NA(),F62) -> #N/A | H62: =IF(F62="",NA(),E62) -> #N/A | I62: =IF(F62="",NA(),B62) -> #N/A | J62: =IF(F62="",NA(),F62) -> #N/A | L62: Artificial Potted Flowers Room Decorative Flowers (2 Pieces) | M62: 0.45 | N62: 2.2 | O62: Poor | P62: High
A63: Christmas Elk Fence Yard Lawn Decorations Cute For Holidays | B63: 999 | C63: 2000 | D63: 0.5 | E63: 0 | G63: =IF(F63="",NA(),F63) -> #N/A | H63: =IF(F63="",NA(),E63) -> #N/A | I63: =IF(F63="",NA(),B63) -> #N/A | J63: =IF(F63="",NA(),F63) -> #N/A | L63: Watercolour Gold Foil Textured Print Pillow Cover | M63: 0.43 | N63: 2.3 | O63: Poor | P63: High
A64: Brush & Paintbrush Cleaning Tool Pink | B64: 299 | C64: 600 | D64: 0.5 | E64: 0 | G64: =IF(F64="",NA(),F64) -> #N/A | H64: =IF(F64="",NA(),E64) -> #N/A | I64: =IF(F64="",NA(),B64) -> #N/A | J64: =IF(F64="",NA(),F64) -> #N/A | L64: 7-piece Set Of Storage Bags, Travel Storage Bags, Shoe Bags | M64: 0.47 | N64: 2.2 | O64: Poor | P64: High
A65: Wall Clock With Hidden Safe Box | B65: 850 | C65: 1700 | D65: 0.5 | E65: 0 | G65: =IF(F65="",NA(),F65) -> #N/A | H65: =IF(F65="",NA(),E65) -> #N/A | I65: =IF(F65="",NA(),B65) -> #N/A | J65: =IF(F65="",NA(),F65) -> #N/A | L65: Wall-mounted Sticker Punch-free Plug Fixer | M65: 0.5 | N65: 2 | O65: Poor | P65: High
A66: 2PCS Ice Silk Square Cushion Cover Pillowcases - 65x65cm | B66: 1200 | C66: 2400 | D66: 0.5 | E66: 0 | G66: =IF(F66="",NA(),F66) -> #N/A | H66: =IF(F66="",NA(),E66) -> #N/A | I66: =IF(F66="",NA(),B66) -> #N/A | J66: =IF(F66="",NA(),F66) -> #N/A
A67: 4M Float Switch Water Level Controller -Water Tank | B67: 475 | C67: 931 | D67: 0.49 | E67: 0 | G67: =IF(F67="",NA(),F67) -> #N/A | H67: =IF(F67="",NA(),E67) -> #N/A | I67: =IF(F67="",NA(),B67) -> #N/A | J67: =IF(F67="",NA(),F67) -> #N/A | L67: High Discounts + Little Engagement
A68: Car Phone Charging Stand | B68: 671 | C68: 1316 | D68: 0.49 | E68: 0 | G68: =IF(F68="",NA(),F68) -> #N/A | H68: =IF(F68="",NA(),E68) -> #N/A | I68: =IF(F68="",NA(),B68) -> #N/A | J68: =IF(F68="",NA(),F68) -> #N/A | L68: Product | M68: Discount | N68: Review
A69: Angle Measuring Tool Full Metal Multi Angle Measuring Tool | B69: 799 | C69: 1567 | D69: 0.49 | E69: 0 | G69: =IF(F69="",NA(),F69) -> #N/A | H69: =IF(F69="",NA(),E69) -> #N/A | I69: =IF(F69="",NA(),B69) -> #N/A | J69: =IF(F69="",NA(),F69) -> #N/A | L69: 6 In 1 Bottle Can Opener Multifunctional Easy Opener | M69: 0.64 | N69: 0
A70: 7PCS Silicone Thumb Knife Finger Protector Vegetable Harvesting Knife | B70: 230 | C70: 450 | D70: 0.49 | E70: 0 | G70: =IF(F70="",NA(),F70) -> #N/A | H70: =IF(F70="",NA(),E70) -> #N/A | I70: =IF(F70="",NA(),B70) -> #N/A | J70: =IF(F70="",NA(),F70) -> #N/A | L70: Creative Owl Shape Keychain Black | M70: 0.61 | N70: 0
A71: Creative Owl Shape Keychain Black | B71: 176 | C71: 345 | D71: 0.49 | E71: 0 | G71: =IF(F71="",NA(),F71) -> #N/A | H71: =IF(F71="",NA(),E71) -> #N/A | I71: =IF(F71="",NA(),B71) -> #N/A | J71: =IF(F71="",NA(),F71) -> #N/A | L71: Simple Metal Dog Art Sculpture Decoration For Home Office | M71: 0.55 | N71: 0
A72: Cartoon Car Decoration Cute Individuality For Car Home Desk | B72: 274 | C72: 537 | D72: 0.49 | E72: 0 | G72: =IF(F72="",NA(),F72) -> #N/A | H72: =IF(F72="",NA(),E72) -> #N/A | I72: =IF(F72="",NA(),B72) -> #N/A | J72: =IF(F72="",NA(),F72) -> #N/A | L72: LASA FOLDING TABLE SERVING STAND | M72: 0.55 | N72: 5
A73: Angle Measuring Tool Full Metal Multi Angle Measuring Tool | B73: 657 | C73: 1288 | D73: 0.49 | E73: 0 | G73: =IF(F73="",NA(),F73) -> #N/A | H73: =IF(F73="",NA(),E73) -> #N/A | I73: =IF(F73="",NA(),B73) -> #N/A | J73: =IF(F73="",NA(),F73) -> #N/A | L73: 5-PCS Stainless Steel Cooking Pot Set With Steamed Slices | M73: 0.55 | N73: 13
A74: 4 Piece Coloured Stainless Steel Kitchenware Set | B74: 248 | C74: 486 | D74: 0.49 | E74: 0 | G74: =IF(F74="",NA(),F74) -> #N/A | H74: =IF(F74="",NA(),E74) -> #N/A | I74: =IF(F74="",NA(),B74) -> #N/A | J74: =IF(F74="",NA(),F74) -> #N/A | L74: LASA 3 Tier Bamboo Shoe Bench Storage Shelf | M74: 0.54 | N74: 7
A75: Baby Early Education Shape And Color Cognitive Training Toys | B75: 525 | C75: 1029 | D75: 0.49 | E75: 0 | G75: =IF(F75="",NA(),F75) -> #N/A | H75: =IF(F75="",NA(),E75) -> #N/A | I75: =IF(F75="",NA(),B75) -> #N/A | J75: =IF(F75="",NA(),F75) -> #N/A | L75: Mythco 120COB Solar Wall Ligt With Motion Sensor And Remote Control 3 Modes | M75: 0.54 | N75: 10
A76: Christmas Fence Garden Decorations Outdoor For Holiday Home | B76: 699 | C76: 1343 | D76: 0.48 | E76: 0 | G76: =IF(F76="",NA(),F76) -> #N/A | H76: =IF(F76="",NA(),E76) -> #N/A | I76: =IF(F76="",NA(),B76) -> #N/A | J76: =IF(F76="",NA(),F76) -> #N/A | L76: Classic Black Cat Cotton Hemp Pillow Case For Home Car | M76: 0.53 | N76: 2
A77: Portable Wine Table With Folding Round Table | B77: 1300 | C77: 2500 | D77: 0.48 | E77: 0 | G77: =IF(F77="",NA(),F77) -> #N/A | H77: =IF(F77="",NA(),E77) -> #N/A | I77: =IF(F77="",NA(),B77) -> #N/A | J77: =IF(F77="",NA(),F77) -> #N/A | L77: 3PCS Single Head Knitting Crochet Sweater Needle Set | M77: 0.53 | N77: 13
A78: Sewing Machine Needle Threader Stitch Insertion Tool Automatic Quick Sewing | B78: 105 | C78: 200 | D78: 0.48 | E78: 0 | G78: =IF(F78="",NA(),F78) -> #N/A | H78: =IF(F78="",NA(),E78) -> #N/A | I78: =IF(F78="",NA(),B78) -> #N/A | J78: =IF(F78="",NA(),F78) -> #N/A | L78: Exfoliate And Exfoliate Face Towel - Black | M78: 0.52 | N78: 9
A79: 2PCS/LOT Solar LED Outdoor Intelligent Light Controlled Wall Lamp | B79: 790 | C79: 1485 | D79: 0.47 | E79: 0 | G79: =IF(F79="",NA(),F79) -> #N/A | H79: =IF(F79="",NA(),E79) -> #N/A | I79: =IF(F79="",NA(),B79) -> #N/A | J79: =IF(F79="",NA(),F79) -> #N/A
A80: 6 Layers Steel Pipe Assembling Dustproof Storage Shoe Cabinet | B80: 899 | C80: 1699 | D80: 0.47 | E80: 0 | G80: =IF(F80="",NA(),F80) -> #N/A | H80: =IF(F80="",NA(),E80) -> #N/A | I80: =IF(F80="",NA(),B80) -> #N/A | J80: =IF(F80="",NA(),F80) -> #N/A | L80: Strong Customer Demand
A81: Black Simple Water Cup Wine Coaster Anti Slip Absorbent | B81: 169 | C81: 320 | D81: 0.47 | E81: 0 | G81: =IF(F81="",NA(),F81) -> #N/A | H81: =IF(F81="",NA(),E81) -> #N/A | I81: =IF(F81="",NA(),B81) -> #N/A | J81: =IF(F81="",NA(),F81) -> #N/A | L81: Product | M81: Current price | N81: Discount | O81: Review
A82: MultiFunctional Storage Rack Multi-layer Bookshelf | B82: 2200 | C82: 4080 | D82: 0.46 | E82: 0 | G82: =IF(F82="",NA(),F82) -> #N/A | H82: =IF(F82="",NA(),E82) -> #N/A | I82: =IF(F82="",NA(),B82) -> #N/A | J82: =IF(F82="",NA(),F82) -> #N/A | L82: 120W Cordless Vacuum Cleaners Handheld Electric Vacuum Cleaner | M82: 445 | N82: 0.49 | O82: 69
A83: Simple Metal Dog Art Sculpture Decoration For Home Office | B83: 499 | C83: 900 | D83: 0.45 | E83: 0 | G83: =IF(F83="",NA(),F83) -> #N/A | H83: =IF(F83="",NA(),E83) -> #N/A | I83: =IF(F83="",NA(),B83) -> #N/A | J83: =IF(F83="",NA(),F83) -> #N/A | L83: 137 Pieces Cake Decorating Tool Set Baking Supplies | M83: 2319 | N83: 0.24 | O83: 55
A84: 3PCS Rotary Scraper Thermomix For Kitchen | B84: 690 | C84: 1200 | D84: 0.43 | E84: 0 | G84: =IF(F84="",NA(),F84) -> #N/A | H84: =IF(F84="",NA(),E84) -> #N/A | I84: =IF(F84="",NA(),B84) -> #N/A | J84: =IF(F84="",NA(),F84) -> #N/A | L84: Electronic Digital Display Vernier Caliper | M84: 420 | N84: 0.35 | O84: 49
A85: Multifunctional Hanging Storage Box Storage Bag (4 Layers) | B85: 630 | C85: 1100 | D85: 0.43 | E85: 0 | G85: =IF(F85="",NA(),F85) -> #N/A | H85: =IF(F85="",NA(),E85) -> #N/A | I85: =IF(F85="",NA(),B85) -> #N/A | J85: =IF(F85="",NA(),F85) -> #N/A | L85: 3D Waterproof EVA Plastic Shower Curtain 1.8*2Mtrs | M85: 998 | N85: 0.49 | O85: 44
A86: 4pcs Bathroom/Kitchen Towel Rack,Roll Paper Holder,Towel Bars,Hook | B86: 1860 | C86: 3220 | D86: 0.42 | E86: 0 | G86: =IF(F86="",NA(),F86) -> #N/A | H86: =IF(F86="",NA(),E86) -> #N/A | I86: =IF(F86="",NA(),B86) -> #N/A | J86: =IF(F86="",NA(),F86) -> #N/A | L86: 100 Pcs Crochet Hook Tool Set Knitting Hook Set With Box | M86: 990 | N86: 0.34 | O86: 39
A87: Balloon Insert, Birthday Party Balloon Set, PU Leather | B87: 610 | C87: 1060 | D87: 0.42 | E87: 0 | G87: =IF(F87="",NA(),F87) -> #N/A | H87: =IF(F87="",NA(),E87) -> #N/A | I87: =IF(F87="",NA(),B87) -> #N/A | J87: =IF(F87="",NA(),F87) -> #N/A | L87: Punch-free Great Load Bearing Bathroom Storage Rack Wall Shelf-White | M87: 389 | N87: 0.41 | O87: 36
A88: 8in1 Screwdriver With LED Light | B88: 1080 | C88: 1874 | D88: 0.42 | E88: 0 | G88: =IF(F88="",NA(),F88) -> #N/A | H88: =IF(F88="",NA(),E88) -> #N/A | I88: =IF(F88="",NA(),B88) -> #N/A | J88: =IF(F88="",NA(),F88) -> #N/A | L88: 53 Pieces/Set Yarn Knitting Crochet Hooks With Bag - Pansies | M88: 1980 | N88: 0.27 | O88: 32
A89: Cute Christmas Fence Garden Decorations For Holiday Home | B89: 799 | C89: 1343 | D89: 0.41 | E89: 0 | G89: =IF(F89="",NA(),F89) -> #N/A | H89: =IF(F89="",NA(),E89) -> #N/A | I89: =IF(F89="",NA(),B89) -> #N/A | J89: =IF(F89="",NA(),F89) -> #N/A | L89: Portable Mini Cordless Car Vacuum Cleaner - Blue | M89: 2199 | N89: 0.25 | O89: 24
A90: 9pcs Gas Mask, For Painting, Dust, Formaldehyde Grinding, Polishing | B90: 1420 | C90: 2420 | D90: 0.41 | E90: 0 | G90: =IF(F90="",NA(),F90) -> #N/A | H90: =IF(F90="",NA(),E90) -> #N/A | I90: =IF(F90="",NA(),B90) -> #N/A | J90: =IF(F90="",NA(),F90) -> #N/A | L90: 52 Pieces Cake Decorating Tool Set Gift Kit Baking Supplies | M90: 1758 | N90: 0.3 | O90: 20
A91: LASA Stainless Steel Double Wall Mount Soap Dispenser - 500ml | B91: 2750 | C91: 4471 | D91: 0.38 | E91: 0 | G91: =IF(F91="",NA(),F91) -> #N/A | H91: =IF(F91="",NA(),E91) -> #N/A | I91: =IF(F91="",NA(),B91) -> #N/A | J91: =IF(F91="",NA(),F91) -> #N/A | L91: 53Pcs/Set Yarn Knitting Crochet Hooks With Bag - Fortune Cat | M91: 1940 | N91: 0.27 | O91: 20
A92: 2pcs Solar Street Light Flood Light Outdoor | B92: 1200 | C92: 1950 | D92: 0.38 | E92: 0 | G92: =IF(F92="",NA(),F92) -> #N/A | H92: =IF(F92="",NA(),E92) -> #N/A | I92: =IF(F92="",NA(),B92) -> #N/A | J92: =IF(F92="",NA(),F92) -> #N/A | L92: Agapeon Toothbrush Holder And Toothpaste Dispenser | M92: 382 | N92: 0.45 | O92: 17
A93: 5m Waterproof Spherical LED String Lights Outdoor Ball Chain Lights Party Lighting Decoration Adjustable | B93: 1460 | C93: 2290 | D93: 0.36 | E93: 0 | G93: =IF(F93="",NA(),F93) -> #N/A | H93: =IF(F93="",NA(),E93) -> #N/A | I93: =IF(F93="",NA(),B93) -> #N/A | J93: =IF(F93="",NA(),F93) -> #N/A | L93: VIC Wireless Vacuum Cleaner Dual Use For Home And Car 120W High Power Powerful | M93: 1220 | N93: 0.22 | O93: 16
... A112: Thickening Multipurpose Non Stick Easy To Clean Heat Resistant Spoon Pad | B112: 1768 | C112: 1799 | D112: 0.02 | E112: 0 | G112: =IF(F112="",NA(),F112) -> #N/A | H112: =IF(F112="",NA(),E112) -> #N/A | I112: =IF(F112="",NA(),B112) -> #N/A | J112: =IF(F112="",NA(),F112) -> #N/A | L112: Weighing Scale Digital Bathroom Body Fat Scale USB-Black | M112: 1580 | N112: 0.37 | O112: 7
A113: 24 Grid Wall-mounted Sundries Organiser Fabric Closet Bag Storage Rack | B113: 1875 | C113: 1899 | D113: 0.01 | E113: 0 | G113: =IF(F113="",NA(),F113) -> #N/A | H113: =IF(F113="",NA(),E113) -> #N/A | I113: =IF(F113="",NA(),B113) -> #N/A | J113: =IF(F113="",NA(),F113) -> #N/A
L114: Many Reviews + Average Ratings
L115: Product | M115: Current price | N115: Review | O115: Rating | P115: Discount Amount | Q115: Rating Category
L116: 220V 60W Electric Soldering Iron Kits With Tools, Tips, And Multimeter | M116: 2999 | N116: 15 | O116: 4 | P116: 291 | Q116: Average
L117: 3PCS Single Head Knitting Crochet Sweater Needle Set | M117: 38 | N117: 13 | O117: 3.3 | P117: 42 | Q117: Average
L118: 12 Litre Black Insulated Lunch Box | M118: 1350 | N118: 13 | O118: 3.8 | P118: 640 | Q118: Average
...

Sheet  Analysis Tables
B1: Correlation | C1: R2
A2: Discount vs Reviews | B2: 0.012188797 | C2: 0.0001
A3: Rating vs Reviews | B3: 0.057209035 | C3: 0.0033
A4: Current Price vs Rating | B4: 0.11009021 | C4: 0.0121
A7: Top 10 by Discount
A8: Product | B8: Discount
A9: 6 In 1 Bottle Can Opener Multifunctional Easy Opener | B9: 0.64
A10: Creative Owl Shape Keychain Black | B10: 0.61
A11: LASA FOLDING TABLE SERVING STAND | B11: 0.55
A12: Simple Metal Dog Art Sculpture Decoration For Home Office | B12: 0.55
A13: 5-PCS Stainless Steel Cooking Pot Set With Steamed Slices | B13: 0.55
A14: LASA 3 Tier Bamboo Shoe Bench Storage Shelf | B14: 0.54
A15: Mythco 120COB Solar Wall Ligt With Motion Sensor And Remote Control 3 Modes | B15: 0.54
A16: 3PCS Single Head Knitting Crochet Sweater Needle Set | B16: 0.53
A17: Classic Black Cat Cotton Hemp Pillow Case For Home Car | B17: 0.53
A18: Exfoliate And Exfoliate Face Towel - Black | B18: 0.52
A20: Top 10 by Reviews
A21: Product | B21: Review
A22: 120W Cordless Vacuum Cleaners Handheld Electric Vacuum Cleaner | B22: 69
A23: 137 Pieces Cake Decorating Tool Set Baking Supplies | B23: 55
A24: Electronic Digital Display Vernier Caliper | B24: 49
A25: 3D Waterproof EVA Plastic Shower Curtain 1.8*2Mtrs | B25: 44
A26: 100 Pcs Crochet Hook Tool Set Knitting Hook Set With Box | B26: 39
A27: Punch-free Great Load Bearing Bathroom Storage Rack Wall Shelf-White | B27: 36
A28: 53 Pieces/Set Yarn Knitting Crochet Hooks With Bag - Pansies | B28: 32
A29: Portable Mini Cordless Car Vacuum Cleaner - Blue | B29: 24
A30: 52 Pieces Cake Decorating Tool Set Gift Kit Baking Supplies | B30: 20
A31: 53Pcs/Set Yarn Knitting Crochet Hooks With Bag - Fortune Cat | B31: 20
A33: Top 10 by Rating
A34: Product | B34: Rating
A35: LASA Aluminum Folding Truck Hand Cart - 68kg Max | B35: 5
A36: Classic Black Cat Cotton Hemp Pillow Case For Home Car | B36: 5
A37: Anti-Skid Absorbent Insulation Coaster For Home Office | B37: 5
A38: Peacock Throw Pillow Cushion Case For Home Car | B38: 5
A39: Bedroom Simple Floor Hanging Clothes Rack Single Pole Hat Rack - White | B39: 5
A40: DIY File Folder, Office Drawer File Holder, Pen Holder, Desktop Storage Rack | B40: 5
A41: Konka Healty Electric Kettle, 24-hour Heat Preservation,1.5L,800W, White | B41: 5
A42: 40cm Gold DIY Acrylic Wall Sticker Clock | B42: 4.8
A43: LASA FOLDING TABLE SERVING STAND | B43: 4.8
A44: Portable Home Small Air Humidifier 3-Speed Fan - Green | B44: 4.8
A46: Five Lowest-Rated Products
A47: Product | B47: Rating
A48: Wall-mounted Sticker Punch-free Plug Fixer | B48: 2
A49: 5-PCS Stainless Steel Cooking Pot Set With Steamed Slices | B49: 2.1
A50: Electric LED UV Mosquito Killer Lamp, Outdoor/Indoor Fly Killer Trap Light -USB | B50: 2.1
A51: 7-piece Set Of Storage Bags, Travel Storage Bags, Shoe Bags | B51: 2.2
A52: Artificial Potted Flowers Room Decorative Flowers (2 Pieces) | B52: 2.2
A54: High Discount + Poor Rating
A55: Product | B55: Current price | C55: Discount | D55: Review | E55: Rating | F55: Discount Amount | G55: Rating Category | H55: Discount Category | I55: Price Category
A56: 120W Cordless Vacuum Cleaners Handheld Electric Vacuum Cleaner | B56: 445 | C56: 0.49 | D56: 69 | E56: 2.8 | F56: 428 | G56: Poor | H56: High | I56: Low
A57: Agapeon Toothbrush Holder And Toothpaste Dispenser | B57: 382 | C57: 0.45 | D57: 17 | E57: 2.6 | F57: 318 | G57: Poor | H57: High | I57: Low
A58: Intelligent LED Body Sensor Wireless Lighting Night Light USB | B58: 325 | C58: 0.52 | D58: 15 | E58: 2.7 | F58: 355 | G58: Poor | H58: High | I58: Low
A59: 5-PCS Stainless Steel Cooking Pot Set With Steamed Slices | B59: 2115 | C59: 0.55 | D59: 13 | E59: 2.1 | F59: 2585 | G59: Poor | H59: High | I59: High
A60: 380ML USB Rechargeable Portable Small Blenders And Juicers | B60: 1000 | C60: 0.5 | D60: 7 | E60: 2.3 | F60: 1000 | G60: Poor | H60: High | I60: Medium
A61: Electric LED UV Mosquito Killer Lamp, Outdoor/Indoor Fly Killer Trap Light -USB | B61: 1570 | C61: 0.47 | D61: 7 | E61: 2.1 | F61: 1418 | G61: Poor | H61: High | I61: Medium
A62: Artificial Potted Flowers Room Decorative Flowers (2 Pieces) | B62: 990 | C62: 0.45 | D62: 6 | E62: 2.2 | F62: 824 | G62: Poor | H62: High | I62: Medium
A63: Watercolour Gold Foil Textured Print Pillow Cover | B63: 345 | C63: 0.43 | D63: 6 | E63: 2.3 | F63: 257 | G63: Poor | H63: High | I63: Low
A64: 7-piece Set Of Storage Bags, Travel Storage Bags, Shoe Bags | B64: 968 | C64: 0.47 | D64: 6 | E64: 2.2 | F64: 846 | G64: Poor | H64: High | I64: Medium
A65: Wall-mounted Sticker Punch-free Plug Fixer | B65: 450 | C65: 0.5 | D65: 1 | E65: 2 | F65: 450 | G65: Poor | H65: High | I65: Low
A67: Strong Customer Demand
A68: Product | B68: Current price | C68: Discount | D68: Review
A69: 120W Cordless Vacuum Cleaners Handheld Electric Vacuum Cleaner | B69: 445 | C69: 0.49 | D69: 69
A70: 137 Pieces Cake Decorating Tool Set Baking Supplies | B70: 2319 | C70: 0.24 | D70: 55
A71: Electronic Digital Display Vernier Caliper | B71: 420 | C71: 0.35 | D71: 49
A72: 3D Waterproof EVA Plastic Shower Curtain 1.8*2Mtrs | B72: 998 | C72: 0.49 | D72: 44
A73: 100 Pcs Crochet Hook Tool Set Knitting Hook Set With Box | B73: 990 | C73: 0.34 | D73: 39
A74: Punch-free Great Load Bearing Bathroom Storage Rack Wall Shelf-White | B74: 389 | C74: 0.41 | D74: 36
A75: 53 Pieces/Set Yarn Knitting Crochet Hooks With Bag - Pansies | B75: 1980 | C75: 0.27 | D75: 32
A76: Portable Mini Cordless Car Vacuum Cleaner - Blue | B76: 2199 | C76: 0.25 | D76: 24
A77: 52 Pieces Cake Decorating Tool Set Gift Kit Baking Supplies | B77: 1758 | C77: 0.3 | D77: 20
A78: 53Pcs/Set Yarn Knitting Crochet Hooks With Bag - Fortune Cat | B78: 1940 | C78: 0.27 | D78: 20
A79: Agapeon Toothbrush Holder And Toothpaste Dispenser | B79: 382 | C79: 0.45 | D79: 17
A80: VIC Wireless Vacuum Cleaner Dual Use For Home And Car 120W High Power Powerful | B80: 1220 | C80: 0.22 | D80: 16
... A99: Weighing Scale Digital Bathroom Body Fat Scale USB-Black | B99: 1580 | C99: 0.37 | D99: 7
A101: Many Reviews + Average Ratings
A102: Product | B102: Current price | C102: Discount | D102: Review | E102: Rating | F102: Discount Amount | G102: Rating Category | H102: Discount Category | I102: Price Category
A103: 220V 60W Electric Soldering Iron Kits With Tools, Tips, And Multimeter | B103: 2999 | C103: 0.09 | D103: 15 | E103: 4 | F103: 291 | G103: Average | H103: Low | I103: High
A104: 3PCS Single Head Knitting Crochet Sweater Needle Set | B104: 38 | C104: 0.53 | D104: 13 | E104: 3.3 | F104: 42 | G104: Average | H104: High | I104: Low
A105: 12 Litre Black Insulated Lunch Box | B105: 1350 | C105: 0.32 | D105: 13 | E105: 3.8 | F105: 640 | G105: Average | H105: Medium | I105: Medium
A106: Portable Wardrobe Nonwoven With 3 Hanging Rods And 6 Storage Shelves | B106: 2880 | C106: 0.18 | D106: 12 | E106: 3.8 | F106: 640 | G106: Average | H106: Low | I106: High
A107: Mythco 120COB Solar Wall Ligt With Motion Sensor And Remote Control 3 Modes | B107: 458 | C107: 0.54 | D107: 10 | E107: 3 | F107: 528 | G107: Average | H107: High | I107: Low
A110: High Discounts + Little Engagement
A111: Product | B111: Current price | C111: Discount | D111: Review | E111: Rating | F111: Discount Amount | G111: Rating Category | H111: Discount Category | I111: Price Category
A112: 4pcs Bathroom/Kitchen Towel Rack,Roll Paper Holder,Towel Bars,Hook | B112: 1860 | C112: 0.42 | D112: 0 | F112: 1360 | G112: Not Rated | H112: High | I112: High
A113: MultiFunctional Storage Rack Multi-layer Bookshelf | B113: 2200 | C113: 0.46 | D113: 0 | F113: 1880 | G113: Not Rated | H113: High | I113: High
A114: 4M Float Switch Water Level Controller -Water Tank | B114: 475 | C114: 0.49 | D114: 0 | F114: 456 | G114: Not Rated | H114: High | I114: Low
A115: Modern Sofa Throw Pillow Cover-45x45cm-Blue&Red | B115: 238 | C115: 0.5 | D115: 0 | F115: 238 | G115: Not Rated | H115: High | I115: Low
A116: Balloon Insert, Birthday Party Balloon Set, PU Leather | B116: 610 | C116: 0.42 | D116: 0 | F116: 450 | G116: Not Rated | H116: High | I116: Medium
A117: Christmas Elk Fence Yard Lawn Decorations Cute For Holidays | B117: 999 | C117: 0.5 | D117: 0 | F117: 1001 | G117: Not Rated | H117: High | I117: Medium
A118: Car Phone Charging Stand | B118: 671 | C118: 0.49 | D118: 0 | F118: 645 | G118: Not Rated | H118: High | I118: Medium
A119: Creative Owl Shape Keychain Black | B119: 199 | C119: 0.61 | D119: 0 | F119: 305 | G119: Not Rated | H119: High | I119: Low
A120: Brush & Paintbrush Cleaning Tool Pink | B120: 299 | C120: 0.5 | D120: 0 | F120: 301 | G120: Not Rated | H120: High | I120: Low
A121: Cute Christmas Fence Garden Decorations For Holiday Home | B121: 799 | C121: 0.41 | D121: 0 | F121: 544 | G121: Not Rated | H121: High | I121: Medium
A122: Simple Metal Dog Art Sculpture Decoration For Home Office | B122: 499 | C122: 0.45 | D122: 0 | F122: 401 | G122: Not Rated | H122: High | I122: Medium
A123: Christmas Fence Garden Decorations Outdoor For Holiday Home | B123: 699 | C123: 0.48 | D123: 0 | F123: 644 | G123: Not Rated | H123: High | I123: Medium
... A143: Black Simple Water Cup Wine Coaster Anti Slip Absorbent | B143: 169 | C143: 0.47 | D143: 0 | F143: 151 | G143: Not Rated | H143: High | I143: Low

Sheet Pivot Charts

Sheet Pivot Tables
A1: Discount Category vs Reviews
A2: Row Labels | B2: Average of Review
A3: Low | B3: 2.1111111
A4: Medium | B4: 10.96875
A5: High | B5: 5.3870968
A6: Grand Total | B6: 6.4553571
A9: Rating Category vs Reviews
A10: Row Labels | B10: Average of Review
A11: Poor | B11: 14.083333
A12: Average | B12: 7.1538462
A13: Good | B13: 13.230769
A14: Excellent | B14: 15.210526
A15: Not Rated | B15: 0
A16: Grand Total | B16: 6.4553571
A19: Price Category vs Rating
A20: Row Labels | B20: Average of Rating
A21: Low | B21: 3.6357143
A22: Medium | B22: 3.8833333
A23: High | B23: 4.0842105
A24: Grand Total | B24: 3.8894737
A27: Discount Category × Rating Category
A28: Count of Product | B28: Column Labels
A29: Row Labels | B29: High | C29: Low | D29: Medium | E29: Grand Total
A30: Average | B30: 6 | C30: 2 | D30: 5 | E30: 13
A31: Excellent | B31: 8 | C31: 1 | D31: 10 | E31: 19
A32: Good | B32: 6 | D32: 7 | E32: 13
A33: Not Rated | B33: 32 | C33: 14 | D33: 9 | E33: 55
A34: Poor | B34: 10 | C34: 1 | D34: 1 | E34: 12
A35: Grand Total | B35: 62 | C35: 18 | D35: 32 | E35: 112
A37: Top 10 Items by Sum of Review
A38: Product | B38: Sum of Review
A39: 120W Cordless Vacuum Cleaners Handheld Electric Vacuum Cleaner | B39: 69
A40: 137 Pieces Cake Decorating Tool Set Baking Supplies | B40: 55
A41: Electronic Digital Display Vernier Caliper | B41: 49
A42: 3D Waterproof EVA Plastic Shower Curtain 1.8*2Mtrs | B42: 44
A43: 100 Pcs Crochet Hook Tool Set Knitting Hook Set With Box | B43: 39
A44: Punch-free Great Load Bearing Bathroom Storage Rack Wall Shelf-White | B44: 36
A45: 53 Pieces/Set Yarn Knitting Crochet Hooks With Bag - Pansies | B45: 32
A46: Portable Mini Cordless Car Vacuum Cleaner - Blue | B46: 24
A47: 53Pcs/Set Yarn Knitting Crochet Hooks With Bag - Fortune Cat | B47: 20
A48: 52 Pieces Cake Decorating Tool Set Gift Kit Baking Supplies | B48: 20
A58: Top 10 by Rating
A59: Product | B59: Average of Rating
A60: Classic Black Cat Cotton Hemp Pillow Case For Home Car | B60: 5
A61: LASA Aluminum Folding Truck Hand Cart - 68kg Max | B61: 5
A62: Konka Healty Electric Kettle, 24-hour Heat Preservation,1.5L,800W, White | B62: 5
A63: Anti-Skid Absorbent Insulation Coaster For Home Office | B63: 5
A64: Peacock Throw Pillow Cushion Case For Home Car | B64: 5
A65: Bedroom Simple Floor Hanging Clothes Rack Single Pole Hat Rack - White | B65: 5
A66: DIY File Folder, Office Drawer File Holder, Pen Holder, Desktop Storage Rack | B66: 5
A67: LASA FOLDING TABLE SERVING STAND | B67: 4.8
A68: Portable Home Small Air Humidifier 3-Speed Fan - Green | B68: 4.8
A69: 40cm Gold DIY Acrylic Wall Sticker Clock | B69: 4.8
A74: Top 10 by Discount
A75: Product | B75: Average of Discount
A76: 6 In 1 Bottle Can Opener Multifunctional Easy Opener | B76: 0.64
A77: LASA FOLDING TABLE SERVING STAND | B77: 0.55
A78: 5-PCS Stainless Steel Cooking Pot Set With Steamed Slices | B78: 0.55
A79: Creative Owl Shape Keychain Black | B79: 0.55
A80: LASA 3 Tier Bamboo Shoe Bench Storage Shelf | B80: 0.54
A81: Mythco 120COB Solar Wall Ligt With Motion Sensor And Remote Control 3 Modes | B81: 0.54
A82: Classic Black Cat Cotton Hemp Pillow Case For Home Car | B82: 0.53
A83: 3PCS Single Head Knitting Crochet Sweater Needle Set | B83: 0.53
A84: Exfoliate And Exfoliate Face Towel - Black | B84: 0.52
A85: Intelligent LED Body Sensor Wireless Lighting Night Light USB | B85: 0.52

Sheet Exception
A1: High Discount + Poor Rating
A2: Product | B2: Current price | C2: Discount | D2: Review | E2: Rating | F2: Discount Amount | G2: Rating Category | H2: Discount Category | I2: Price Category
A3: 120W Cordless Vacuum Cleaners Handheld Electric Vacuum Cleaner | B3: 445 | C3: 0.49 | D3: 69 | E3: 2.8 | F3: 428 | G3: Poor | H3: High | I3: Low
A4: Agapeon Toothbrush Holder And Toothpaste Dispenser | B4: 382 | C4: 0.45 | D4: 17 | E4: 2.6 | F4: 318 | G4: Poor | H4: High | I4: Low
A5: Intelligent LED Body Sensor Wireless Lighting Night Light USB | B5: 325 | C5: 0.52 | D5: 15 | E5: 2.7 | F5: 355 | G5: Poor | H5: High | I5: Low
A6: 5-PCS Stainless Steel Cooking Pot Set With Steamed Slices | B6: 2115 | C6: 0.55 | D6: 13 | E6: 2.1 | F6: 2585 | G6: Poor | H6: High | I6: High
A7: 380ML USB Rechargeable Portable Small Blenders And Juicers | B7: 1000 | C7: 0.5 | D7: 7 | E7: 2.3 | F7: 1000 | G7: Poor | H7: High | I7: Medium
A8: Electric LED UV Mosquito Killer Lamp, Outdoor/Indoor Fly Killer Trap Light -USB | B8: 1570 | C8: 0.47 | D8: 7 | E8: 2.1 | F8: 1418 | G8: Poor | H8: High | I8: Medium
A9: Artificial Potted Flowers Room Decorative Flowers (2 Pieces) | B9: 990 | C9: 0.45 | D9: 6 | E9: 2.2 | F9: 824 | G9: Poor | H9: High | I9: Medium
A10: Watercolour Gold Foil Textured Print Pillow Cover | B10: 345 | C10: 0.43 | D10: 6 | E10: 2.3 | F10: 257 | G10: Poor | H10: High | I10: Low
A11: 7-piece Set Of Storage Bags, Travel Storage Bags, Shoe Bags | B11: 968 | C11: 0.47 | D11: 6 | E11: 2.2 | F11: 846 | G11: Poor | H11: High | I11: Medium
A12: Wall-mounted Sticker Punch-free Plug Fixer | B12: 450 | C12: 0.5 | D12: 1 | E12: 2 | F12: 450 | G12: Poor | H12: High | I12: Low
A16: High Discount + Little Engagement
A17: Product | B17: Current price | C17: Discount | D17: Review | E17: Rating | F17: Discount Amount | G17: Rating Category | H17: Discount Category | I17: Price Category
A18: 4pcs Bathroom/Kitchen Towel Rack,Roll Paper Holder,Towel Bars,Hook | B18: 1860 | C18: 0.42 | D18: 0 | F18: 1360 | G18: Not Rated | H18: High | I18: High
A19: MultiFunctional Storage Rack Multi-layer Bookshelf | B19: 2200 | C19: 0.46 | D19: 0 | F19: 1880 | G19: Not Rated | H19: High | I19: High
A20: 4M Float Switch Water Level Controller -Water Tank | B20: 475 | C20: 0.49 | D20: 0 | F20: 456 | G20: Not Rated | H20: High | I20: Low
A21: Modern Sofa Throw Pillow Cover-45x45cm-Blue&Red | B21: 238 | C21: 0.5 | D21: 0 | F21: 238 | G21: Not Rated | H21: High | I21: Low
A22: Balloon Insert, Birthday Party Balloon Set, PU Leather | B22: 610 | C22: 0.42 | D22: 0 | F22: 450 | G22: Not Rated | H22: High | I22: Medium
A23: Christmas Elk Fence Yard Lawn Decorations Cute For Holidays | B23: 999 | C23: 0.5 | D23: 0 | F23: 1001 | G23: Not Rated | H23: High | I23: Medium
A24: Car Phone Charging Stand | B24: 671 | C24: 0.49 | D24: 0 | F24: 645 | G24: Not Rated | H24: High | I24: Medium
A25: Creative Owl Shape Keychain Black | B25: 199 | C25: 0.61 | D25: 0 | F25: 305 | G25: Not Rated | H25: High | I25: Low
A26: Brush & Paintbrush Cleaning Tool Pink | B26: 299 | C26: 0.5 | D26: 0 | F26: 301 | G26: Not Rated | H26: High | I26: Low
A27: Cute Christmas Fence Garden Decorations For Holiday Home | B27: 799 | C27: 0.41 | D27: 0 | F27: 544 | G27: Not Rated | H27: High | I27: Medium
A28: Simple Metal Dog Art Sculpture Decoration For Home Office | B28: 499 | C28: 0.45 | D28: 0 | F28: 401 | G28: Not Rated | H28: High | I28: Medium
A29: Christmas Fence Garden Decorations Outdoor For Holiday Home | B29: 699 | C29: 0.48 | D29: 0 | F29: 644 | G29: Not Rated | H29: High | I29: Medium
... A49: Black Simple Water Cup Wine Coaster Anti Slip Absorbent | B49: 169 | C49: 0.47 | D49: 0 | F49: 151 | G49: Not Rated | H49: High | I49: Low
A52: Strong Demand + Average Rating
A53: Product | B53: Current price | C53: Discount | D53: Review | E53: Rating | F53: Discount Amount | G53: Rating Category | H53: Discount Category | I53: Price Category
A54: 220V 60W Electric Soldering Iron Kits With Tools, Tips, And Multimeter | B54: 2999 | C54: 0.09 | D54: 15 | E54: 4 | F54: 291 | G54: Average | H54: Low | I54: High
A55: 3PCS Single Head Knitting Crochet Sweater Needle Set | B55: 38 | C55: 0.53 | D55: 13 | E55: 3.3 | F55: 42 | G55: Average | H55: High | I55: Low
A56: 12 Litre Black Insulated Lunch Box | B56: 1350 | C56: 0.32 | D56: 13 | E56: 3.8 | F56: 640 | G56: Average | H56: Medium | I56: Medium
A57: Portable Wardrobe Nonwoven With 3 Hanging Rods And 6 Storage Shelves | B57: 2880 | C57: 0.18 | D57: 12 | E57: 3.8 | F57: 640 | G57: Average | H57: Low | I57: High
A58: Mythco 120COB Solar Wall Ligt With Motion Sensor And Remote Control 3 Modes | B58: 458 | C58: 0.54 | D58: 10 | E58: 3 | F58: 528 | G58: Average | H58: High | I58: Low
A61: High Price + Poor Rating
A62: Product | B62: Current price | C62: Old price | D62: Discount | E62: Review | F62: Rating | G62: Discount Amount | H62: Rating Category | I62: Discount Category | J62: Price Category
A63: 5-PCS Stainless Steel Cooking Pot Set With Steamed Slices | B63: 2115 | C63: 4700 | D63: 0.55 | E63: 13 | F63: 2.1 | G63: 2585 | H63: Poor | I63: High | J63: High
A64: 5 Pieces/set Of Stainless Steel Induction Cooker Pots | B64: 2170 | C64: 2500 | D64: 0.13 | E64: 6 | F64: 2.5 | G64: 330 | H64: Poor | I64: Low | J64: High
